"id","shortcode","type","is_video","dimension.height","dimension.width","display_url","thumbnail_src","owner.id","owner.username","description","comments","likes","comments_disabled","taken_at_timestamp","location","hashtags","mentions","tagged_users","video_url","views","location.id","location.has_public_page","location.name","location.slug"
"2994503527824779809","CmOnRfOpmoh","GraphImage",false,1350,1080,"https://instagram.fkno1-1.fna.fbcdn.net/v/t51.2885-15/320231836_499717668926458_4783215802050438985_n.webp?stp=dst-jpg_e35&_nc_ht=instagram.fkno1-1.fna.fbcdn.net&_nc_cat=110&_nc_ohc=kfXNdeGgGEsAX8z6NdS&edm=APU89FABAAAA&ccb=7-5&oh=00_AfA1ynOyx4D6krcg7MVCNKa93w-DMr7DBEk1Qgc6JUm8gA&oe=63A44963&_nc_sid=86f79a","https://instagram.fkno1-1.fna.fbcdn.net/v/t51.2885-15/320231836_499717668926458_4783215802050438985_n.webp?stp=c0.135.1080.1080a_dst-jpg_e35_s640x640_sh0.08&_nc_ht=instagram.fkno1-1.fna.fbcdn.net&_nc_cat=110&_nc_ohc=kfXNdeGgGEsAX8z6NdS&edm=APU89FABAAAA&ccb=7-5&oh=00_AfBAEoSQAN1CYoXuP5mDnKJthqA6aIED22uD-2MXy7qzBg&oe=63A44963&_nc_sid=86f79a","11386236651","official.usu","#SobatUSU!
Yuk kita ucapkan selamat kepada USU yang telah menerima 9 Penghargaan dalam Anugerah Diktiristek 2022. Selamat untuk USU! üî•
9 Penghargaan tersebut didapat dari kategori humas dan kerjasama, berupa 2 Gold Winner, 5 Silver Winner dan 2 Bronze Winner. Yuk ucapin selamat bareng-bareng di kolom komentar!
#TransformationTowardstheUltimate 
#UniversitasSumateraUtara 
#MerdekaBelajar 
#KampusMerdeka",21,2475,false,1671192659,,"[""#SobatUSU"",""#TransformationTowardstheUltimate"",""#UniversitasSumateraUtara"",""#MerdekaBelajar"",""#KampusMerdeka""]","[]","[{""user"":{""full_name"":""Ditjen Diktiristek"",""id"":""5355635221"",""is_verified"":true,""profile_pic_url"":""https://instagram.fkno1-1.fna.fbcdn.net/v/t51.2885-19/82685743_532195677397041_4042018233643958272_n.jpg?stp=dst-jpg_s150x150&_nc_ht=instagram.fkno1-1.fna.fbcdn.net&_nc_cat=109&_nc_ohc=5X4groUKhHkAX8owKUD&edm=APU89FABAAAA&ccb=7-5&oh=00_AfCD-VEc9plitEH_VGi42rREwj878jeyR3ZDKo192tBbpQ&oe=63A3939E&_nc_sid=86f79a"",""username"":""ditjen.dikti""},""x"":0.68212306,""y"":0.84404117},{""user"":{""full_name"":""Muryanto Amin"",""id"":""1116674806"",""is_verified"":false,""profile_pic_url"":""https://instagram.fkno1-1.fna.fbcdn.net/v/t51.2885-19/153333641_359171661748446_6821251482348788051_n.jpg?stp=dst-jpg_s150x150&_nc_ht=instagram.fkno1-1.fna.fbcdn.net&_nc_cat=106&_nc_ohc=4XyM3_gkrXQAX99Q95x&edm=APU89FABAAAA&ccb=7-5&oh=00_AfB-YLZDD7Xx-F2Q1r1c372AVU6WjSSGtiY_CJk9A0Mwuw&oe=63A3C538&_nc_sid=86f79a"",""username"":""muryantoamin""},""x"":0.09759483000000001,""y"":0.84399754},{""user"":{""full_name"":""Unit Layanan Terpadu USU"",""id"":""12546013183"",""is_verified"":false,""profile_pic_url"":""https://instagram.fkno1-1.fna.fbcdn.net/v/t51.2885-19/286810106_716587236067758_5793884084914754638_n.jpg?stp=dst-jpg_s150x150&_nc_ht=instagram.fkno1-1.fna.fbcdn.net&_nc_cat=106&_nc_ohc=KY-GSCsl-hIAX8m_-ny&edm=APU89FABAAAA&ccb=7-5&oh=00_AfAL3tY5cTkFHal1SSq7ftECj614JmJZHnUN13YXwZkZmw&oe=63A41D07&_nc_sid=86f79a"",""username"":""ult.usu""},""x"":0.5503006,""y"":0.8402953},{""user"":{""full_name"":""poppy anjelisa"",""id"":""15159677734"",""is_verified"":false,""profile_pic_url"":""https://instagram.fkno1-1.fna.fbcdn.net/v/t51.2885-19/73299339_413799162882999_6751252916419428352_n.jpg?stp=dst-jpg_s150x150&_nc_ht=instagram.fkno1-1.fna.fbcdn.net&_nc_cat=103&_nc_ohc=JEmOiFbaIVIAX-r2wV_&edm=APU89FABAAAA&ccb=7-5&oh=00_AfAMXsB1ogsC96-w-ecbCtswcKbqPGDa3o0Ib0S1KcIYfA&oe=63A3DE23&_nc_sid=86f79a"",""username"":""p_anjelisa""},""x"":0.3626971,""y"":0.84470123}]",,,,,,
"2994278702116195397","CmN0J1-J0xF","GraphImage",false,1350,1080,"https://instagram.fkno1-1.fna.fbcdn.net/v/t51.2885-15/319918513_557996566133443_2615629516351646683_n.webp?stp=dst-jpg_e35&_nc_ht=instagram.fkno1-1.fna.fbcdn.net&_nc_cat=107&_nc_ohc=KPrSqcJoxD0AX9mYAAX&edm=APU89FABAAAA&ccb=7-5&oh=00_AfBqyV5Ni8raqwlJNFU_IqjxH9T1GDU83lbgdk0fRmJPGQ&oe=63A38E43&_nc_sid=86f79a","https://instagram.fkno1-1.fna.fbcdn.net/v/t51.2885-15/319918513_557996566133443_2615629516351646683_n.webp?stp=c0.135.1080.1080a_dst-jpg_e35_s640x640_sh0.08&_nc_ht=instagram.fkno1-1.fna.fbcdn.net&_nc_cat=107&_nc_ohc=KPrSqcJoxD0AX9mYAAX&edm=APU89FABAAAA&ccb=7-5&oh=00_AfA3pO2xEV6srGcjLxzQkNoE0DbiFktn0wHWXnoEW-L9VA&oe=63A38E43&_nc_sid=86f79a","11386236651","official.usu","Keluarga besar Universitas Sumatera Utara berduka atas berpulangnya Bapak Zulnaidi, SS, M.Hum. Semoga Almarhum mendapatkan tempat yang mulia di sisi Tuhan Yang Maha Esa. Semoga keluarga besar Bapak Zulnaidi, SS, M.Hum. diberi keikhlasan, kesabaran dan kekuatan dalam menerima dan menghadapi musibah ini.

#TransformationTowardstheUltimate
#UniversitasSumateraUtara 
#MerdekaBelajar
#KampusMerdeka",45,4238,false,1671165858,,"[""#TransformationTowardstheUltimate"",""#UniversitasSumateraUtara"",""#MerdekaBelajar"",""#KampusMerdeka""]","[]","[]",,,,,,
"2993000160111707813","CmJRcm8JUal","GraphVideo",true,1137,640,"https://instagram.fkno1-1.fna.fbcdn.net/v/t51.2885-15/319611002_444127307929332_3921202305454185074_n.jpg?stp=dst-jpg_e15&_nc_ht=instagram.fkno1-1.fna.fbcdn.net&_nc_cat=100&_nc_ohc=pRu_oZEmzq4AX9YbpPF&edm=APU89FABAAAA&ccb=7-5&oh=00_AfBcVbSJy6U4AnaS-M4CH7bhfnwE3zwIr46Pvh6WVTBhQw&oe=63A0AA5B&_nc_sid=86f79a","https://instagram.fkno1-1.fna.fbcdn.net/v/t51.2885-15/319611002_444127307929332_3921202305454185074_n.jpg?stp=c0.210.540.540a_dst-jpg_e15&_nc_ht=instagram.fkno1-1.fna.fbcdn.net&_nc_cat=100&_nc_ohc=pRu_oZEmzq4AX9YbpPF&edm=APU89FABAAAA&ccb=7-5&oh=00_AfDxhRcKFurI5hv6AXpegzDHJsUZv7rrdQbQYX4XXs8O8w&oe=63A0AA5B&_nc_sid=86f79a","11386236651","official.usu","Selamat kepada USU yang kembali mendapatkan predikat Informatif di Anugerah Keterbukaan Informasi Publik dengan peningkatan skor dari sebelumnya 91,29 menjadi 95,08! keren gak tuh! üî•
Kamu yang ingin mengucapkan selamat, bisa sampaikan ke kolom komentar ya, #SobatUSU!
#TransformationTowardstheUltimate
#UniversitasSumateraUtara
#MerdekaBelajar
#KampusMerdeka",11,1106,false,1671013474,,"[""#SobatUSU"",""#TransformationTowardstheUltimate"",""#UniversitasSumateraUtara"",""#MerdekaBelajar"",""#KampusMerdeka""]","[]","[]","https://instagram.fkno1-1.fna.fbcdn.net/v/t66.30100-16/317162290_197702579489443_7648501643515958488_n.mp4?_nc_ht=instagram.fkno1-1.fna.fbcdn.net&_nc_cat=107&_nc_ohc=TLfNtOi12dcAX-rOE4Q&edm=APU89FABAAAA&ccb=7-5&oh=00_AfCEMEOjmWFbr7DrwO8j6YbB83xL3PlxV4Y2ATiqp3_2zg&oe=63A11731&_nc_sid=86f79a",12141,,,,
"2992284062538015508","CmGuoBGpCMU","GraphVideo",true,1137,640,"https://instagram.fkno1-1.fna.fbcdn.net/v/t51.2885-15/319585567_147814997727643_7065449860657851263_n.jpg?stp=dst-jpg_e15&_nc_ht=instagram.fkno1-1.fna.fbcdn.net&_nc_cat=107&_nc_ohc=xZZCVwzfGLMAX_5iBxc&edm=APU89FABAAAA&ccb=7-5&oh=00_AfBoKQN9i28B6ipyw-HEQEKJ7aFK3cWnq000poM3J1WKng&oe=63A0DF97&_nc_sid=86f79a","https://instagram.fkno1-1.fna.fbcdn.net/v/t51.2885-15/319585567_147814997727643_7065449860657851263_n.jpg?stp=c0.210.540.540a_dst-jpg_e15&_nc_ht=instagram.fkno1-1.fna.fbcdn.net&_nc_cat=107&_nc_ohc=xZZCVwzfGLMAX_5iBxc&edm=APU89FABAAAA&ccb=7-5&oh=00_AfA7ZasKzfqPjXAlNopWRX3qVI4qifcsBIQk_32ayPTtrQ&oe=63A0DF97&_nc_sid=86f79a","11386236651","official.usu","#SobatUSU!
Yuk Ucapkan selamat kepada Tim USU OLD yang terdiri dari:

Muhammad faisal darmadi (Fakultas Ilmu Budaya, 2016)
Hanif Misbah Ananda (Fasilkom-TI, 2019)
Ananda Tri Syahputra (Fasilkom-TI, 2019)
Riyadh Abdur Razak (Fasilkom-TI, 2019)
Sahata Gurning (FMIPA, 2022)

Karena baru saja menjuarai PUBG Mobile Campus Championship Indonesia 2022. Selamat kepada kamu ya, Sobat!
FYI, PUBG Mobile Campus Championship 2022 adalah sebuah rangkaian acara yang dengan khusus PUBG Mobile adakan untuk para mahasiswa-mahasiswa yang berasal dari Campus yang ada di seluruh Indonesia.

#TransformationTowardstheUltimate 
#UniversitasSumateraUtara 
#MerdekaBelajar 
#KampusMerdeka",48,2512,false,1670928113,,"[""#SobatUSU"",""#TransformationTowardstheUltimate"",""#UniversitasSumateraUtara"",""#MerdekaBelajar"",""#KampusMerdeka""]","[]","[]","https://instagram.fkno1-1.fna.fbcdn.net/v/t66.30100-16/317428290_852189119266927_6202802979766154603_n.mp4?_nc_ht=instagram.fkno1-1.fna.fbcdn.net&_nc_cat=107&_nc_ohc=M5A6pEm7NBMAX_xX8F3&edm=APU89FABAAAA&ccb=7-5&oh=00_AfC-82PlX_6oeGKEr0Ox63n1650dpTSad71ydtnQIiSoEA&oe=63A0A569&_nc_sid=86f79a",17182,,,,
"2991638747518772687","CmEb5cqJqXP","GraphVideo",true,1137,640,"https://instagram.fkno1-1.fna.fbcdn.net/v/t51.2885-15/319646452_133717442833608_6756669492168006620_n.jpg?stp=dst-jpg_e15&_nc_ht=instagram.fkno1-1.fna.fbcdn.net&_nc_cat=100&_nc_ohc=jmJyO6Uxd48AX_-mWWQ&edm=APU89FABAAAA&ccb=7-5&oh=00_AfBwv2qEfBY7T4-guDTXBHTCiO5fMxTc6N9EMAipKiVEkA&oe=63A09BE4&_nc_sid=86f79a","https://instagram.fkno1-1.fna.fbcdn.net/v/t51.2885-15/319646452_133717442833608_6756669492168006620_n.jpg?stp=c0.210.540.540a_dst-jpg_e15&_nc_ht=instagram.fkno1-1.fna.fbcdn.net&_nc_cat=100&_nc_ohc=jmJyO6Uxd48AX_-mWWQ&edm=APU89FABAAAA&ccb=7-5&oh=00_AfDGBGog14D32KPzCmbR7R6MF92BSaiikUJdvSOiShpHCA&oe=63A09BE4&_nc_sid=86f79a","11386236651","official.usu","Halo #SobatUSU!
Selamat hari Senin ya! Tetap semangat dalam beraktivitas dan jangan lupa menjaga kesehatan ya!

Nah, kali ini bakal ditemenin sama @rizhakim17 yang akan memberikan kamu informasi seputar USU dalam seminggu terakhir. Mulai dari Dies Natalis Sekolah Pascasarjana USU sampai dengan USU bekerjasama dengan BKIPM. Berikut adalah USU Dalam Seminggu. 

#TransformationTowardstheUltimate
#UniversitasSumateraUtara
#MerdekaBelajar
#KampusMerdeka",8,954,false,1670851307,,"[""#SobatUSU"",""#TransformationTowardstheUltimate"",""#UniversitasSumateraUtara"",""#MerdekaBelajar"",""#KampusMerdeka""]","[""@rizhakim17""]","[]","https://instagram.fkno1-1.fna.fbcdn.net/v/t66.30100-16/10000000_997639121191909_4923777796964839026_n.mp4?_nc_ht=instagram.fkno1-1.fna.fbcdn.net&_nc_cat=101&_nc_ohc=74jJ6RKVdmQAX_a1DoI&edm=APU89FABAAAA&ccb=7-5&oh=00_AfDB9hOZ9SVoGtysA7XupmDLIggy4lQFtspnZDsvWO6nZw&oe=63A0B6FF&_nc_sid=86f79a",9137,,,,
"2989861034097284185","Cl-HsUBJpRZ","GraphImage",false,1350,1080,"https://instagram.fkno1-1.fna.fbcdn.net/v/t51.2885-15/318757251_1085629162112082_2278291438816145791_n.webp?stp=dst-jpg_e35&_nc_ht=instagram.fkno1-1.fna.fbcdn.net&_nc_cat=106&_nc_ohc=-0PvBHnPNU8AX9oZ44Z&edm=APU89FABAAAA&ccb=7-5&oh=00_AfAQb-QZbH-aVbL7En_duAWdIgbAet-EhrmXWtv6TFcJIw&oe=63A364A8&_nc_sid=86f79a","https://instagram.fkno1-1.fna.fbcdn.net/v/t51.2885-15/318757251_1085629162112082_2278291438816145791_n.webp?stp=c0.135.1080.1080a_dst-jpg_e35_s640x640_sh0.08&_nc_ht=instagram.fkno1-1.fna.fbcdn.net&_nc_cat=106&_nc_ohc=-0PvBHnPNU8AX9oZ44Z&edm=APU89FABAAAA&ccb=7-5&oh=00_AfAAnAghRZ_xvcxH9t9x0tUZVI6XPlBbj0-c5rnuqHNTWg&oe=63A364A8&_nc_sid=86f79a","11386236651","official.usu","Christmas is Coming, #SobatUSU!
Yuk meriahkan Perayaan Natal Oikumene yang akan dilaksanakan di auditorium USU pada hari Selasa, 20 Desember 2022. Sampai Jumpa di auditorium ya, sobat!
#HariNatal
#TransformationTowardstheUltimate 
#UniversitasSumateraUtara 
#MerdekaBelajar 
#KampusMerdeka",66,3453,false,1670639231,,"[""#SobatUSU"",""#HariNatal"",""#TransformationTowardstheUltimate"",""#UniversitasSumateraUtara"",""#MerdekaBelajar"",""#KampusMerdeka""]","[]","[]",,,,,,
"2987222742090718161","Cl0v0HHSRvR","GraphImage",false,1350,1080,"https://instagram.fkno1-1.fna.fbcdn.net/v/t51.2885-15/318439250_1316711422477340_2041756593123099146_n.webp?stp=dst-jpg_e35&_nc_ht=instagram.fkno1-1.fna.fbcdn.net&_nc_cat=108&_nc_ohc=P9dz0TfnQJAAX-Z4zq6&edm=APU89FABAAAA&ccb=7-5&oh=00_AfC-RG-9x0K9Vdu8xQn-1QMLd_TcNRAlM06-za8EkBneuw&oe=63A37B82&_nc_sid=86f79a","https://instagram.fkno1-1.fna.fbcdn.net/v/t51.2885-15/318439250_1316711422477340_2041756593123099146_n.webp?stp=c0.135.1080.1080a_dst-jpg_e35_s640x640_sh0.08&_nc_ht=instagram.fkno1-1.fna.fbcdn.net&_nc_cat=108&_nc_ohc=P9dz0TfnQJAAX-Z4zq6&edm=APU89FABAAAA&ccb=7-5&oh=00_AfDZ5apmbikJxrPyWTwZ3i7CwOQqErIx-qdmMeJ6mDwbCA&oe=63A37B82&_nc_sid=86f79a","11386236651","official.usu","Selamat kepada @official.fkepusu atas predikat Wilayah Bebas Korupsi 2022 oleh Kementerian Pendayagunaan Aparatur Negara dan Reformasi Birokrasi Republik Indonesia!
#SobatUSU yang ingin memberikan selamat, bisa sampaikan di kolom komentar ya!
#TransformationTowardstheUltimate 
#UniversitasSumateraUtara 
#MerdekaBelajar 
#KampusMerdeka",17,1220,false,1670324722,,"[""#SobatUSU"",""#TransformationTowardstheUltimate"",""#UniversitasSumateraUtara"",""#MerdekaBelajar"",""#KampusMerdeka""]","[""@official""]","[{""user"":{""full_name"":""Fakultas Keperawatan USU"",""id"":""3537147114"",""is_verified"":false,""profile_pic_url"":""https://instagram.fkno1-1.fna.fbcdn.net/v/t51.2885-19/13736861_1627036764292054_652884807_a.jpg?stp=dst-jpg_s150x150&_nc_ht=instagram.fkno1-1.fna.fbcdn.net&_nc_cat=110&_nc_ohc=W44xsDAqhaQAX8VaY-O&edm=APU89FABAAAA&ccb=7-5&oh=00_AfDd3j6_7HIFaHSuMXrFSqlRZAlgPa89OGNwASOTCmfkiw&oe=63A3867E&_nc_sid=86f79a"",""username"":""official.fkepusu""},""x"":0.06365741,""y"":0.98703706},{""user"":{""full_name"":""Reformasi Birokrasi USU"",""id"":""49145797895"",""is_verified"":false,""profile_pic_url"":""https://instagram.fkno1-1.fna.fbcdn.net/v/t51.2885-19/242514418_264464808871868_3689653272240701756_n.jpg?stp=dst-jpg_s150x150&_nc_ht=instagram.fkno1-1.fna.fbcdn.net&_nc_cat=108&_nc_ohc=yG9TaYWsUosAX_PKY3K&edm=APU89FABAAAA&ccb=7-5&oh=00_AfAAURM7-7d8w3O6vIHwu9dHluIsk8YWLEhWISiQANyFxA&oe=63A37287&_nc_sid=86f79a"",""username"":""rb.usu""},""x"":0.06365741,""y"":0.80172616}]",,,,,,
"2987181423135655736","Cl0ma11pYc4","GraphVideo",true,1137,640,"https://instagram.fkno1-1.fna.fbcdn.net/v/t51.2885-15/318185082_689680889206751_7889324766610555696_n.jpg?stp=dst-jpg_e15&_nc_ht=instagram.fkno1-1.fna.fbcdn.net&_nc_cat=111&_nc_ohc=ZH02KegEmWcAX8NoyH4&edm=APU89FABAAAA&ccb=7-5&oh=00_AfD17X8u_ovuAWo87nSWdPMpdrCbInqGWHxAi4-U39oc2A&oe=63A0BA88&_nc_sid=86f79a","https://instagram.fkno1-1.fna.fbcdn.net/v/t51.2885-15/318185082_689680889206751_7889324766610555696_n.jpg?stp=c0.210.540.540a_dst-jpg_e15&_nc_ht=instagram.fkno1-1.fna.fbcdn.net&_nc_cat=111&_nc_ohc=ZH02KegEmWcAX8NoyH4&edm=APU89FABAAAA&ccb=7-5&oh=00_AfCWWpgRRGBfD97RNMFuaKfegLPfs98CjV5S_Mrfwjpmog&oe=63A0BA88&_nc_sid=86f79a","11386236651","official.usu","#SobatUSU!
Program IISMA sebentar lagi akan berakhir nih, 1 semester telah berjalan banyak pengalaman yang didapat oleh #SobatUSU yang berada di negara tujuan masing-masing. Pastinya seru ya, sobat!
Nah, agar kamu bisa ngeliat nih gimana keseruannya, @axelbeltazar bakal nunjukin keseruannya ke kamu lewat video ini! ‚ò∫
#TransformationTowardstheUltimate 
#UniversitasSumateraUtara 
#MerdekaBelajar 
#KampusMerdeka
#iismalife 
#mbkmusu",12,1507,false,1670319843,,"[""#SobatUSU"",""#SobatUSU"",""#TransformationTowardstheUltimate"",""#UniversitasSumateraUtara"",""#MerdekaBelajar"",""#KampusMerdeka"",""#iismalife"",""#mbkmusu""]","[""@axelbeltazar""]","[{""user"":{""full_name"":""Axel Beltazar Ginting"",""id"":""3026839764"",""is_verified"":false,""profile_pic_url"":""https://instagram.fkno1-1.fna.fbcdn.net/v/t51.2885-19/309603873_629059698897389_1671816455150960979_n.jpg?stp=dst-jpg_s150x150&_nc_ht=instagram.fkno1-1.fna.fbcdn.net&_nc_cat=105&_nc_ohc=1erL5hTe89sAX-9SPEz&edm=APU89FABAAAA&ccb=7-5&oh=00_AfBA32MVWSlnqW1hYJba3X1q_CbwIrrE0FC8rjOtcpCc2g&oe=63A3AFCC&_nc_sid=86f79a"",""username"":""axelbeltazar""},""x"":0,""y"":0}]","https://instagram.fkno1-1.fna.fbcdn.net/v/t66.30100-16/10000000_3534653120099646_4740703797798029255_n.mp4?_nc_ht=instagram.fkno1-1.fna.fbcdn.net&_nc_cat=106&_nc_ohc=syWm7ovK-4MAX_9_N6I&edm=APU89FABAAAA&ccb=7-5&oh=00_AfBXHkoeFAq1IT9x8nzhLFzmjrRmAMPZdAcmnnnzwsEbdA&oe=63A0FC1F&_nc_sid=86f79a",22626,,,,
"2986924397903815975","Clzr-ocASUn","GraphVideo",true,1920,1080,"https://instagram.fkno1-1.fna.fbcdn.net/v/t51.2885-15/318132519_118417224260315_1979175059839831726_n.jpg?stp=dst-jpg_e35_p1080x1080_sh0.08&_nc_ht=instagram.fkno1-1.fna.fbcdn.net&_nc_cat=111&_nc_ohc=_CEw1VM1aFcAX8OJwlJ&edm=APU89FABAAAA&ccb=7-5&oh=00_AfCaAy7nyqfPxxJSHdwDTp7v_nVLrL7D8zYDyJ5bAfBZCQ&oe=63A0CC5B&_nc_sid=86f79a","https://instagram.fkno1-1.fna.fbcdn.net/v/t51.2885-15/318132519_118417224260315_1979175059839831726_n.jpg?stp=c0.875.2250.2250a_dst-jpg_e35_s640x640_sh0.08&_nc_ht=instagram.fkno1-1.fna.fbcdn.net&_nc_cat=111&_nc_ohc=_CEw1VM1aFcAX8OJwlJ&edm=APU89FABAAAA&ccb=7-5&oh=00_AfABQwkny6zD1e57bolDb2nimYKZOHdR5ijMzxdCKx3axg&oe=63A0CC5B&_nc_sid=86f79a","11386236651","official.usu","Nah #SobatUSU, sebagai salah satu bentuk upgrading bagi Satuan Kerja di lingkungan Universitas Sumatera Utara, Biro Sumber Daya Manusia USU baru saja melakukan Capacity Building nih. Bagaimana sih jalannya kegiatan tersebut, langsung cek video diatas ya! 

#TransformationTowardstheUltimate
#UniversitasSumateraUtara
#MerdekaBelajar
#KampusMerdeka",1,1310,false,1670289497,,"[""#SobatUSU"",""#TransformationTowardstheUltimate"",""#UniversitasSumateraUtara"",""#MerdekaBelajar"",""#KampusMerdeka""]","[]","[{""user"":{""full_name"":""Biro SDM USU"",""id"":""7632270655"",""is_verified"":false,""profile_pic_url"":""https://instagram.fkno1-1.fna.fbcdn.net/v/t51.2885-19/305730570_3369692383242374_5745500526487007991_n.jpg?stp=dst-jpg_s150x150&_nc_ht=instagram.fkno1-1.fna.fbcdn.net&_nc_cat=102&_nc_ohc=oUFwE8ySob8AX8iFjfR&edm=APU89FABAAAA&ccb=7-5&oh=00_AfCnXLafcFu8QebAEgpN4OfubV_bue0XakHLnnK_S7l9UQ&oe=63A34831&_nc_sid=86f79a"",""username"":""sdm.usu""},""x"":0,""y"":0}]","https://instagram.fkno1-1.fna.fbcdn.net/v/t50.2886-16/10000000_579930077275672_7164474663325056524_n.mp4?_nc_ht=instagram.fkno1-1.fna.fbcdn.net&_nc_cat=104&_nc_ohc=VQo60PA0RKgAX_JNfwg&edm=APU89FABAAAA&ccb=7-5&oh=00_AfBGZLxs1PFPI2CP7wPmWxncc9X5uQnYSYThl4a7ZRBkvA&oe=63A0994E&_nc_sid=86f79a",14247,,,,
"2986320829331436995","ClxivjZpnXD","GraphVideo",true,1920,1080,"https://instagram.fkno1-1.fna.fbcdn.net/v/t51.2885-15/318160493_173766792006487_8046577353756417768_n.jpg?stp=dst-jpg_e35_p1080x1080_sh0.08&_nc_ht=instagram.fkno1-1.fna.fbcdn.net&_nc_cat=107&_nc_ohc=_kYJquaft2sAX8rTMlU&edm=APU89FABAAAA&ccb=7-5&oh=00_AfD88eULSOF_C07IgAHz1xVgrqqmQSv81dMEo6kfP0LYRg&oe=63A0B4B5&_nc_sid=86f79a","https://instagram.fkno1-1.fna.fbcdn.net/v/t51.2885-15/318160493_173766792006487_8046577353756417768_n.jpg?stp=c0.875.2250.2250a_dst-jpg_e35_s640x640_sh0.08&_nc_ht=instagram.fkno1-1.fna.fbcdn.net&_nc_cat=107&_nc_ohc=_kYJquaft2sAX8rTMlU&edm=APU89FABAAAA&ccb=7-5&oh=00_AfA1jEloImbOFPh0jUMb8R-CGbcVfAaSREnkCJTLHH-2AA&oe=63A0B4B5&_nc_sid=86f79a","11386236651","official.usu","Halo #SobatUSU

Kemarin USU baru saja melaksanakan kegiatan Fun Walk pada hari Sabtu, 3 Desember 2022 dalam rangka memperingati hari KORPRI ke-51. Selain jalan santai, kegiatan juga dimeriahkan dengan keseruan senam sehat dan doorprize loh Sobat USU! 

Bagaimana sih keseruan acaranya? Langsung cek video berikut ya!

#TransformationTowardstheUltimate
#UniversitasSumateraUtara
#MerdekaBelajar
#KampusMerdeka",1,1480,false,1670217244,,"[""#SobatUSU"",""#TransformationTowardstheUltimate"",""#UniversitasSumateraUtara"",""#MerdekaBelajar"",""#KampusMerdeka""]","[]","[]","https://instagram.fkno1-1.fna.fbcdn.net/v/t66.30100-16/10000000_181578801206966_7142874623122218898_n.mp4?_nc_ht=instagram.fkno1-1.fna.fbcdn.net&_nc_cat=102&_nc_ohc=7G76h8ASOKkAX8b6OdT&edm=APU89FABAAAA&ccb=7-5&oh=00_AfAAGg5ypFZU9UnrkPYKMf72pgW4j8McxDFkKm9S3CEyLw&oe=63A0A544&_nc_sid=86f79a",13129,,,,
"2984257787606884282","ClqNqWEgF-6","GraphVideo",true,1920,1080,"https://instagram.fkno1-1.fna.fbcdn.net/v/t51.2885-15/317764405_1600134590437940_5066183674466503562_n.jpg?stp=dst-jpg_e35_p1080x1080_sh0.08&_nc_ht=instagram.fkno1-1.fna.fbcdn.net&_nc_cat=108&_nc_ohc=wGDuqCcFBksAX-YhINN&edm=APU89FABAAAA&ccb=7-5&oh=00_AfAj43cgRKreKVL_-QvrbSGeqIc-ndlooxjRSRifocWVag&oe=63A08F97&_nc_sid=86f79a","https://instagram.fkno1-1.fna.fbcdn.net/v/t51.2885-15/317764405_1600134590437940_5066183674466503562_n.jpg?stp=c0.875.2250.2250a_dst-jpg_e35_s640x640_sh0.08&_nc_ht=instagram.fkno1-1.fna.fbcdn.net&_nc_cat=108&_nc_ohc=wGDuqCcFBksAX-YhINN&edm=APU89FABAAAA&ccb=7-5&oh=00_AfA_RptQ-LHlJXGiZkZ2Tc2cDpQS1hQhL46F9pG9cgd3kA&oe=63A08F97&_nc_sid=86f79a","11386236651","official.usu","Halo #SobatUSU!

Di kegiatan  KKNT Universitas Sumatera Utara, banyak ilmu dan kenangan yang didapat oleh para #SobatUSU dalam pelaksanaannya.

Salah satunya ada sobat dari KKNTR 125 Desa Sempajaya yang sempat merekam keseruan KKNT di lokasi pengabdian mereka. Langsung cek videonya diatas yuk!

Directed by Rangga Surbakti
Talent by : Clara 
Script Written : Queen, Fitri Rosalina 
Narator : Queen
Talent Coordinator : David Tampubolon, Zahri Akbar 
Behind The Scene : Frans Rian 
Humas : Gideon

#TransformationTowardstheUltimate
#UniversitasSumateraUtara
#MerdekaBelajar
#KampusMerdek
#diarikknt",16,2595,false,1669971703,,"[""#SobatUSU"",""#SobatUSU"",""#TransformationTowardstheUltimate"",""#UniversitasSumateraUtara"",""#MerdekaBelajar"",""#KampusMerdek"",""#diarikknt""]","[]","[]","https://instagram.fkno1-1.fna.fbcdn.net/v/t66.30100-16/10000000_5431912310265557_2140132583078769915_n.mp4?_nc_ht=instagram.fkno1-1.fna.fbcdn.net&_nc_cat=105&_nc_ohc=qw3UMYrD9NAAX_NA-tS&edm=APU89FABAAAA&ccb=7-5&oh=00_AfC9ELDHaPdWXMYo8038Hvtexu2HKwPaxEgdT4_PMaQUnQ&oe=63A0E561&_nc_sid=86f79a",18868,,,,
"2983508130182389660","ClnjNZMAt-c","GraphVideo",true,1920,1080,"https://instagram.fkno1-1.fna.fbcdn.net/v/t51.2885-15/317436343_664300978754729_1836271772807686819_n.jpg?stp=dst-jpg_e35_p1080x1080_sh0.08&_nc_ht=instagram.fkno1-1.fna.fbcdn.net&_nc_cat=105&_nc_ohc=IUZcc3yQ9y8AX-yQsgK&edm=APU89FABAAAA&ccb=7-5&oh=00_AfA3m8rmoNVHDN654k7e_G9cpW1SqwshTXxhsyVr2Q9R3w&oe=63A0DC82&_nc_sid=86f79a","https://instagram.fkno1-1.fna.fbcdn.net/v/t51.2885-15/317436343_664300978754729_1836271772807686819_n.jpg?stp=c0.875.2250.2250a_dst-jpg_e35_s640x640_sh0.08&_nc_ht=instagram.fkno1-1.fna.fbcdn.net&_nc_cat=105&_nc_ohc=IUZcc3yQ9y8AX-yQsgK&edm=APU89FABAAAA&ccb=7-5&oh=00_AfBxCWTBXjPc1JFIjDHOK0uxvhS3wXMT4VALCZJ6kn7bGg&oe=63A0DC82&_nc_sid=86f79a","11386236651","official.usu","Halo #SobatUSU!

Kemarin baru aja dilaksanakan Peringatan Hari Anti Korupsi Sedunia 2022 di Gedung Serbaguna Pemprovsu, disana USU juga hadir loh, sobat. Bagaimana sih keseruan acaranya? Langsung cek video berikut ya!

#TransformationTowardstheUltimate
#UniversitasSumateraUtara
#MerdekaBelajar
#KampusMerdeka",16,3206,false,1669881980,,"[""#SobatUSU"",""#TransformationTowardstheUltimate"",""#UniversitasSumateraUtara"",""#MerdekaBelajar"",""#KampusMerdeka""]","[]","[{""user"":{""full_name"":""Zefanya Austin"",""id"":""1511664946"",""is_verified"":false,""profile_pic_url"":""https://instagram.fkno1-1.fna.fbcdn.net/v/t51.2885-19/310507022_842207306793433_1857577762932813599_n.jpg?stp=dst-jpg_s150x150&_nc_ht=instagram.fkno1-1.fna.fbcdn.net&_nc_cat=101&_nc_ohc=Fr7DWvu5EFIAX9N-9Gd&edm=APU89FABAAAA&ccb=7-5&oh=00_AfA3bHtBAJWQN8bIRpL4-LSS9cn73AmJQPedfPZD_p1CdA&oe=63A507CB&_nc_sid=86f79a"",""username"":""zephaniaustin""},""x"":0,""y"":0},{""user"":{""full_name"":"""",""id"":""4104313706"",""is_verified"":false,""profile_pic_url"":""https://instagram.fkno1-1.fna.fbcdn.net/v/t51.2885-19/317639571_211504264651155_3429271591585670268_n.jpg?stp=dst-jpg_s150x150&_nc_ht=instagram.fkno1-1.fna.fbcdn.net&_nc_cat=103&_nc_ohc=Ft0xtcKCHA8AX-LZVma&edm=APU89FABAAAA&ccb=7-5&oh=00_AfCyYlp_09TMGI-LmAqG1KBRwZ86FqPGhmCWuPSTWlCLCw&oe=63A3BADF&_nc_sid=86f79a"",""username"":""sarahpriskillaaa""},""x"":0,""y"":0},{""user"":{""full_name"":""Wulan Indah Sari"",""id"":""4566401452"",""is_verified"":false,""profile_pic_url"":""https://instagram.fkno1-1.fna.fbcdn.net/v/t51.2885-19/209823749_980518726133709_8469216977980253616_n.jpg?stp=dst-jpg_s150x150&_nc_ht=instagram.fkno1-1.fna.fbcdn.net&_nc_cat=109&_nc_ohc=G4x7NKAPcgsAX-ijYZ-&edm=APU89FABAAAA&ccb=7-5&oh=00_AfAOaivaJ4mFlV70ubDCywUNd4yAykUeZkdKEbuwmbcawQ&oe=63A427DD&_nc_sid=86f79a"",""username"":""lulannnnn""},""x"":0,""y"":0},{""user"":{""full_name"":""agit febrianto"",""id"":""3264911886"",""is_verified"":false,""profile_pic_url"":""https://instagram.fkno1-1.fna.fbcdn.net/v/t51.2885-19/320353826_138519319008625_1129811733811383390_n.jpg?stp=dst-jpg_s150x150&_nc_ht=instagram.fkno1-1.fna.fbcdn.net&_nc_cat=101&_nc_ohc=c_dp1qR0m-wAX-e6LWY&edm=APU89FABAAAA&ccb=7-5&oh=00_AfDQed73n-xdvYQ6ZZ_UqJZ8eCoDGq78S-u1o9pS1xfXLQ&oe=63A359B3&_nc_sid=86f79a"",""username"":""agitfebrianto""},""x"":0,""y"":0}]","https://instagram.fkno1-1.fna.fbcdn.net/v/t66.30100-16/10000000_136474639189585_5156567559971143393_n.mp4?_nc_ht=instagram.fkno1-1.fna.fbcdn.net&_nc_cat=101&_nc_ohc=_QBkVj6DwxkAX-ytClS&edm=APU89FABAAAA&ccb=7-5&oh=00_AfDzePEqC79107PAUgeKYCMAKU4-qYtSulCcoHvn1tcN8A&oe=63A0F12B&_nc_sid=86f79a",27776,,,,
"2983415179743887016","ClnOEyWJH6o","GraphVideo",true,1920,1080,"https://instagram.fkno1-1.fna.fbcdn.net/v/t51.2885-15/317456553_182279614393554_8471171681797688153_n.jpg?stp=dst-jpg_e35_p1080x1080_sh0.08&_nc_ht=instagram.fkno1-1.fna.fbcdn.net&_nc_cat=106&_nc_ohc=3jvd8lFWnFgAX_TOwOD&edm=APU89FABAAAA&ccb=7-5&oh=00_AfBCUkbCfGk93p4d3gepWqQxNcG7hc3x0dqzxcvPupx7kA&oe=63A07958&_nc_sid=86f79a","https://instagram.fkno1-1.fna.fbcdn.net/v/t51.2885-15/317456553_182279614393554_8471171681797688153_n.jpg?stp=c0.875.2250.2250a_dst-jpg_e35_s640x640_sh0.08&_nc_ht=instagram.fkno1-1.fna.fbcdn.net&_nc_cat=106&_nc_ohc=3jvd8lFWnFgAX_TOwOD&edm=APU89FABAAAA&ccb=7-5&oh=00_AfAWts8exF95amPZFAMwYo5yGAEWfssplE2_wIGSQkbFxA&oe=63A07958&_nc_sid=86f79a","11386236651","official.usu","#UCAST is back, #SobatUSU!
Ditemani oleh @fara.lubis , rektor USU @muryantoamin dan rektor @untirta_official @fatahsulaiman68 akan membahas bagaimana sih peran BKS-PTN Barat di Indonesia? Yuk langsung simak UCAST Eps. 8 di Youtube USU Official Social Network ya!

#TransformationTowardstheUltimate
#UniversitasSumateraUtara
#MerdekaBelajar
#KampusMerdeka",7,1044,false,1669871049,,"[""#UCAST"",""#SobatUSU"",""#TransformationTowardstheUltimate"",""#UniversitasSumateraUtara"",""#MerdekaBelajar"",""#KampusMerdeka""]","[""@fara"",""@muryantoamin"",""@untirta_official"",""@fatahsulaiman68""]","[{""user"":{""full_name"":""Univ. Sultan Ageng Tirtayasa"",""id"":""7077563736"",""is_verified"":true,""profile_pic_url"":""https://instagram.fkno1-1.fna.fbcdn.net/v/t51.2885-19/53415097_554169221747481_7153459522604892160_n.jpg?stp=dst-jpg_s150x150&_nc_ht=instagram.fkno1-1.fna.fbcdn.net&_nc_cat=109&_nc_ohc=fiUnt2rrVc8AX8fRLDd&edm=APU89FABAAAA&ccb=7-5&oh=00_AfDod-XPeb6R9Z2ufwfX6__8vskoPffej4szniutP8uZtA&oe=63A32CEF&_nc_sid=86f79a"",""username"":""untirta_official""},""x"":0,""y"":0},{""user"":{""full_name"":""| Influencer |"",""id"":""1704426145"",""is_verified"":false,""profile_pic_url"":""https://instagram.fkno1-1.fna.fbcdn.net/v/t51.2885-19/317486598_657464089270898_5234301750467153757_n.jpg?stp=dst-jpg_s150x150&_nc_ht=instagram.fkno1-1.fna.fbcdn.net&_nc_cat=102&_nc_ohc=MQTMBTRc8K0AX8efZHq&edm=APU89FABAAAA&ccb=7-5&oh=00_AfBObRTtqfXyRJvqFpd58CRGy6AYRrfo8aEXGrkAwQ8yng&oe=63A38CD2&_nc_sid=86f79a"",""username"":""fara.lubis""},""x"":0,""y"":0},{""user"":{""full_name"":""Muryanto Amin"",""id"":""1116674806"",""is_verified"":false,""profile_pic_url"":""https://instagram.fkno1-1.fna.fbcdn.net/v/t51.2885-19/153333641_359171661748446_6821251482348788051_n.jpg?stp=dst-jpg_s150x150&_nc_ht=instagram.fkno1-1.fna.fbcdn.net&_nc_cat=106&_nc_ohc=4XyM3_gkrXQAX99Q95x&edm=APU89FABAAAA&ccb=7-5&oh=00_AfB-YLZDD7Xx-F2Q1r1c372AVU6WjSSGtiY_CJk9A0Mwuw&oe=63A3C538&_nc_sid=86f79a"",""username"":""muryantoamin""},""x"":0,""y"":0},{""user"":{""full_name"":""fatahsulaiman"",""id"":""12251789074"",""is_verified"":false,""profile_pic_url"":""https://instagram.fkno1-1.fna.fbcdn.net/v/t51.2885-19/56197332_319072058807260_5602264223171215360_n.jpg?stp=dst-jpg_s150x150&_nc_ht=instagram.fkno1-1.fna.fbcdn.net&_nc_cat=104&_nc_ohc=1_17XFJRBrMAX8X76Go&edm=APU89FABAAAA&ccb=7-5&oh=00_AfAEmCPrqO59W8vU9MiX5J_vebQ5MTbTXYeZ8ho-k0AV8g&oe=63A4F090&_nc_sid=86f79a"",""username"":""fatahsulaiman68""},""x"":0,""y"":0}]","https://instagram.fkno1-1.fna.fbcdn.net/v/t66.30100-16/122197376_842454926990367_5295896119374388922_n.mp4?_nc_ht=instagram.fkno1-1.fna.fbcdn.net&_nc_cat=103&_nc_ohc=XFtWzjdNE_gAX9QzqkY&edm=APU89FABAAAA&ccb=7-5&oh=00_AfAAH5i3wmNPYqf76Sb_XzZbQtclURGCGh22GYupHzev0A&oe=63A09C5B&_nc_sid=86f79a",11663,,,,
"2981926245268545557","Clh7h8DpWAV","GraphVideo",true,1920,1080,"https://instagram.fkno1-1.fna.fbcdn.net/v/t51.2885-15/317359460_8563309330376955_7970725108427046487_n.jpg?stp=dst-jpg_e35_p1080x1080_sh0.08&_nc_ht=instagram.fkno1-1.fna.fbcdn.net&_nc_cat=103&_nc_ohc=MK5VbFIzxrMAX-AmLoV&edm=APU89FABAAAA&ccb=7-5&oh=00_AfD8o5WFKDPv4F_vN1ZJsTSI0haYm5totpWQSh9l5fTYXQ&oe=63A0ECD3&_nc_sid=86f79a","https://instagram.fkno1-1.fna.fbcdn.net/v/t51.2885-15/317359460_8563309330376955_7970725108427046487_n.jpg?stp=c0.875.2250.2250a_dst-jpg_e35_s640x640_sh0.08&_nc_ht=instagram.fkno1-1.fna.fbcdn.net&_nc_cat=103&_nc_ohc=MK5VbFIzxrMAX-AmLoV&edm=APU89FABAAAA&ccb=7-5&oh=00_AfCJI_q4JFkK4_HdAw_am-If0F7xLNuzlmN7NqlJfceZ3w&oe=63A0ECD3&_nc_sid=86f79a","11386236651","official.usu","Selamat Hari Ulang Tahun ke-51 Korps Pegawai Republik Indonesia (KORPRI) Tahun 2022

‚ÄúKORPRI Melayani, Berkontribusi dan Berinovasi untuk Negeri‚Äù",4,502,false,1669693546,,"[]","[]","[]","https://instagram.fkno1-1.fna.fbcdn.net/v/t50.2886-16/317592491_676535540737758_5858131040861490762_n.mp4?_nc_ht=instagram.fkno1-1.fna.fbcdn.net&_nc_cat=106&_nc_ohc=vnqA1OgdW4EAX-YvQdV&edm=APU89FABAAAA&ccb=7-5&oh=00_AfB3mm0a_GAIyn9a4YKw2-OOv6z4CktnfY8MIcmhsb3iEg&oe=63A0D65E&_nc_sid=86f79a",7601,,,,
"2981530473570074767","Clghis8JYCP","GraphVideo",true,1920,1080,"https://instagram.fkno1-1.fna.fbcdn.net/v/t51.2885-15/317288893_2081477278907408_3974276118194029562_n.jpg?stp=dst-jpg_e35_p1080x1080_sh0.08&_nc_ht=instagram.fkno1-1.fna.fbcdn.net&_nc_cat=108&_nc_ohc=SyCToNsWKbMAX_0Tl1S&edm=APU89FABAAAA&ccb=7-5&oh=00_AfCS19ivU82g-Z31eT3KgUvA4XK-ASYVnH9nDXFANXNcIA&oe=63A07ED5&_nc_sid=86f79a","https://instagram.fkno1-1.fna.fbcdn.net/v/t51.2885-15/317288893_2081477278907408_3974276118194029562_n.jpg?stp=c0.875.2250.2250a_dst-jpg_e35_s640x640_sh0.08&_nc_ht=instagram.fkno1-1.fna.fbcdn.net&_nc_cat=108&_nc_ohc=SyCToNsWKbMAX_0Tl1S&edm=APU89FABAAAA&ccb=7-5&oh=00_AfDt9Xwt2uB2_LEhg89q5hZwRv6wF4Zeah6oTVtBJQ67TQ&oe=63A07ED5&_nc_sid=86f79a","11386236651","official.usu","Halo #SobatUSU

Selamat hari Senin ya! Tetap semangat dalam beraktivitas dan jangan lupa menjaga kesehatan ya!

Nah, kali ini bakal ditemenin sama @roniramadhan10 yang akan memberikan kamu informasi seputar USU dalam seminggu terakhir. Mulai dari Rektor USU Lantik 2.232 Wisudawan sampai dengan 2 Dosen USU Dinobatkan sebagai Ilmuwan Berpengaruh Dunia. Berikut adalah USU Dalam Seminggu. 

#TransformationTowardstheUltimate
#UniversitasSumateraUtara
#MerdekaBelajar
#KampusMerdeka",4,785,false,1669646481,,"[""#SobatUSU"",""#TransformationTowardstheUltimate"",""#UniversitasSumateraUtara"",""#MerdekaBelajar"",""#KampusMerdeka""]","[""@roniramadhan10""]","[]","https://instagram.fkno1-1.fna.fbcdn.net/v/t50.2886-16/10000000_661520432180468_2191131545665643313_n.mp4?_nc_ht=instagram.fkno1-1.fna.fbcdn.net&_nc_cat=108&_nc_ohc=zLTwHe0iFMAAX8NuKv8&edm=APU89FABAAAA&ccb=7-5&oh=00_AfDsyB3AF_PECeT_xAfuS_MuBGRciiq6hGv5gQG_Gy8Deg&oe=63A07BB9&_nc_sid=86f79a",8689,,,,
"2979816320245489456","ClabyfQJN8w","GraphSidecar",false,1350,1080,"https://instagram.fkno1-1.fna.fbcdn.net/v/t51.2885-15/316699505_5737664599688054_2047112313958266154_n.jpg?stp=dst-jpg_e35_p1080x1080&_nc_ht=instagram.fkno1-1.fna.fbcdn.net&_nc_cat=102&_nc_ohc=-sW-GYHCYfsAX_MlFpX&edm=APU89FABAAAA&ccb=7-5&oh=00_AfC_ppC13eNwSc3JYjG1Z2yi7hMo6zEaqxWeKqeHSynCYA&oe=63A37027&_nc_sid=86f79a","https://instagram.fkno1-1.fna.fbcdn.net/v/t51.2885-15/316699505_5737664599688054_2047112313958266154_n.jpg?stp=c0.180.1440.1440a_dst-jpg_e35_s640x640_sh0.08&_nc_ht=instagram.fkno1-1.fna.fbcdn.net&_nc_cat=102&_nc_ohc=-sW-GYHCYfsAX_MlFpX&edm=APU89FABAAAA&ccb=7-5&oh=00_AfCbP2wiYb-FdC1X9FniuyR0_F_ywS_HVJtN8euiL5Y0-A&oe=63A37027&_nc_sid=86f79a","11386236651","official.usu","Halo #SobatUSU!

Universitas Sumatera Utara (USU) membuka Seleksi Penerimaan Peserta PPDS Pada Magister Kedokteran Klinik Fakultas Kedokteran Periode Februari 2023

Yuk, simak info selengkapnya dan jangan sampai ketinggalan ya!",1,1880,false,1669441808,,"[""#SobatUSU""]","[]","[]",,,,,,
"2979258692930901549","ClYc_8WJBYt","GraphVideo",true,1920,1080,"https://instagram.fkno1-1.fna.fbcdn.net/v/t51.2885-15/316959319_172005898789319_3931193403110813567_n.jpg?stp=dst-jpg_e35_p1080x1080_sh0.08&_nc_ht=instagram.fkno1-1.fna.fbcdn.net&_nc_cat=111&_nc_ohc=bzyU4vzhoj8AX80ha95&edm=APU89FABAAAA&ccb=7-5&oh=00_AfD9Z1d2GRkLb1SPV5yShUb-n_MFe8i5EdXZaZq1W80Fdg&oe=63A10262&_nc_sid=86f79a","https://instagram.fkno1-1.fna.fbcdn.net/v/t51.2885-15/316959319_172005898789319_3931193403110813567_n.jpg?stp=c0.875.2250.2250a_dst-jpg_e35_s640x640_sh0.08&_nc_ht=instagram.fkno1-1.fna.fbcdn.net&_nc_cat=111&_nc_ohc=bzyU4vzhoj8AX80ha95&edm=APU89FABAAAA&ccb=7-5&oh=00_AfDVj7-E7x8UtRIRnvCSmY9z9GLexq3eAZz9zOu8LOm-8w&oe=63A10262&_nc_sid=86f79a","11386236651","official.usu","Halo #SobatUSU!
Tadi pagi ada pelaksanaan upacara peringatan Hari Guru yang dilaksanakan sebagai tanda jasa bagi para guru sebagai pahlawan tanpa tanda jasa. Seperti apa sih jalannya upacaranya? Berikut cuplikannya untuk kamu.
#TransformationTowardstheUltimate
#UniversitasSumateraUtara
#MerdekaBelajar
#KampusMerdeka",0,2518,false,1669375475,,"[""#SobatUSU"",""#TransformationTowardstheUltimate"",""#UniversitasSumateraUtara"",""#MerdekaBelajar"",""#KampusMerdeka""]","[]","[]","https://instagram.fkno1-1.fna.fbcdn.net/v/t50.2886-16/10000000_829081798370061_1622503619112005041_n.mp4?_nc_ht=instagram.fkno1-1.fna.fbcdn.net&_nc_cat=109&_nc_ohc=fQ5eT2pO7voAX9mDAEn&edm=APU89FABAAAA&ccb=7-5&oh=00_AfDaM9zHAuaMrlx7TUjq1XTmN6ge7jDxrdAqfRuN27IEHQ&oe=63A0A2E6&_nc_sid=86f79a",15852,,,,
"2979079411986773133","ClX0PD9JrSN","GraphVideo",true,1919,1080,"https://instagram.fkno1-1.fna.fbcdn.net/v/t51.2885-15/316700750_1223100175227581_4267152869363523378_n.jpg?stp=dst-jpg_e35_p1080x1080_sh0.08&_nc_ht=instagram.fkno1-1.fna.fbcdn.net&_nc_cat=105&_nc_ohc=bvznlcoxzX0AX_LIRBR&edm=APU89FABAAAA&ccb=7-5&oh=00_AfBu_vIwKKTO5iYSCJ3mwvTKbiodXdYls3HZvv5bvhtoog&oe=63A0BD33&_nc_sid=86f79a","https://instagram.fkno1-1.fna.fbcdn.net/v/t51.2885-15/316700750_1223100175227581_4267152869363523378_n.jpg?stp=c0.875.2251.2251a_dst-jpg_e35_s640x640_sh0.08&_nc_ht=instagram.fkno1-1.fna.fbcdn.net&_nc_cat=105&_nc_ohc=bvznlcoxzX0AX_LIRBR&edm=APU89FABAAAA&ccb=7-5&oh=00_AfASkseEOofGOSTNjxm5S-fwzlH5VRH6YIp1ban7d3qgWg&oe=63A0BD33&_nc_sid=86f79a","11386236651","official.usu","Selamat Hari Guru Nasional 2022, #SobatUSU
Di momen ini, yuk semarakkan semangat berinovasi untuk terus maju untuk mewujudkan Merdeka Belajar bagi seluruh elemen pendidik, baik itu bagi para pengajar maupun yang diajar.

Ada ucapan spesial dari kamu kepada para guru? sampaikan di kolom komentar!

#TransformationTowardstheUltimate
#UniversitasSumateraUtara
#MerdekaBelajar
#KampusMerdeka",1,800,false,1669354069,,"[""#SobatUSU"",""#TransformationTowardstheUltimate"",""#UniversitasSumateraUtara"",""#MerdekaBelajar"",""#KampusMerdeka""]","[]","[]","https://instagram.fkno1-1.fna.fbcdn.net/v/t66.30100-16/310650408_834900837717936_6590321732169115998_n.mp4?_nc_ht=instagram.fkno1-1.fna.fbcdn.net&_nc_cat=100&_nc_ohc=sinsSBJQgc0AX8zhxTj&edm=APU89FABAAAA&ccb=7-5&oh=00_AfCfkTjDoU_ZnCxP3geSQEp5VCpA6Vy9hK1RDX38OQuVRw&oe=63A0BB3A&_nc_sid=86f79a",7209,,,,
"2977764145612874853","ClTJLasJmRl","GraphVideo",true,1920,1080,"https://instagram.fkno1-1.fna.fbcdn.net/v/t51.2885-15/316449709_579192353896380_5420354521954765320_n.jpg?stp=dst-jpg_e35_p1080x1080_sh0.08&_nc_ht=instagram.fkno1-1.fna.fbcdn.net&_nc_cat=100&_nc_ohc=igQIBRuliOUAX9W89if&edm=APU89FABAAAA&ccb=7-5&oh=00_AfDWm0O4ULdUkzS69Csu7QCM720V_tSDN_Z9reetBvjnpg&oe=63A07D88&_nc_sid=86f79a","https://instagram.fkno1-1.fna.fbcdn.net/v/t51.2885-15/316449709_579192353896380_5420354521954765320_n.jpg?stp=c0.875.2250.2250a_dst-jpg_e35_s640x640_sh0.08&_nc_ht=instagram.fkno1-1.fna.fbcdn.net&_nc_cat=100&_nc_ohc=igQIBRuliOUAX9W89if&edm=APU89FABAAAA&ccb=7-5&oh=00_AfDMc8dzow9R3DKSi6_XL-E6qsE_O_-lc7S8X590pC6Xow&oe=63A07D88&_nc_sid=86f79a","11386236651","official.usu","Selamat bagi yang wisuda
Jangan lupa isi tracer study yaa! ‚ù§Ô∏è
-
-
#transformationtowardstheultimate 
#universitassumaterautara 
#wisudachallenge",34,4676,false,1669197428,,"[""#transformationtowardstheultimate"",""#universitassumaterautara"",""#wisudachallenge""]","[]","[]","https://instagram.fkno1-1.fna.fbcdn.net/v/t66.30100-16/10000000_886490085698350_9098281847012796188_n.mp4?_nc_ht=instagram.fkno1-1.fna.fbcdn.net&_nc_cat=110&_nc_ohc=22ZzZCJOB4kAX88X7c7&edm=APU89FABAAAA&ccb=7-5&oh=00_AfAtCZd_gJSkcyaHxEes4mBKvIKS8FRX-HKt0INeVSjhDw&oe=63A0DAA4&_nc_sid=86f79a",32285,"117353508938004",true,"Auditorium Universitas Sumatera Utara","auditorium-universitas-sumatera-utara"
"2977136850548292733","ClQ6jEop_x9","GraphImage",false,1350,1080,"https://instagram.fkno1-1.fna.fbcdn.net/v/t51.2885-15/316484582_1074486296577431_5975456753375183414_n.jpg?stp=dst-jpg_e35&_nc_ht=instagram.fkno1-1.fna.fbcdn.net&_nc_cat=111&_nc_ohc=SYJvvzlGU8MAX-VP7BS&edm=APU89FABAAAA&ccb=7-5&oh=00_AfDafiQYVrYE7PxrTNDQi_IiY0Yq1pnD0f6LftXDab2Umg&oe=63A3AEA6&_nc_sid=86f79a","https://instagram.fkno1-1.fna.fbcdn.net/v/t51.2885-15/316484582_1074486296577431_5975456753375183414_n.jpg?stp=c0.128.1023.1023a_dst-jpg_e35_s640x640_sh0.08&_nc_ht=instagram.fkno1-1.fna.fbcdn.net&_nc_cat=111&_nc_ohc=SYJvvzlGU8MAX-VP7BS&edm=APU89FABAAAA&ccb=7-5&oh=00_AfD-xMA4dtilDR9acAV-jdiVXrZjvFUYcI1-62fBwone8Q&oe=63A3AEA6&_nc_sid=86f79a","11386236651","official.usu","Selamat kepada Universitas Sumatera Utara (USU) yang meraih Apresiasi Kemenkumham 2022 Kategori Perguruan Tinggi dengan Jumlah Permohonan Paten Top 10 Tertinggi di Indonesia Tahun 2022

Capaian ini merupakan wujud komitmen USU dalam menciptakan inovasi serta berkontribusi pada masyarakat

Yuk, sampaikan harapan kamu di kolom komentar ya #SobatUSU!",10,2922,false,1669122390,,"[""#SobatUSU""]","[]","[]",,,,,,
"2977117667429004924","ClQ2L69pTZ8","GraphVideo",true,1137,640,"https://instagram.fkno1-1.fna.fbcdn.net/v/t51.2885-15/316445913_3126048044352176_5583307589807612513_n.jpg?stp=dst-jpg_e15&_nc_ht=instagram.fkno1-1.fna.fbcdn.net&_nc_cat=108&_nc_ohc=BiA3FwiwgxMAX_ib4HF&edm=APU89FABAAAA&ccb=7-5&oh=00_AfCtm5iYa0tEbGX3XINAxQoQLfpRoZ5zGCFN7RBMoQpyKQ&oe=63A07E7D&_nc_sid=86f79a","https://instagram.fkno1-1.fna.fbcdn.net/v/t51.2885-15/316445913_3126048044352176_5583307589807612513_n.jpg?stp=c0.210.540.540a_dst-jpg_e15&_nc_ht=instagram.fkno1-1.fna.fbcdn.net&_nc_cat=108&_nc_ohc=BiA3FwiwgxMAX_ib4HF&edm=APU89FABAAAA&ccb=7-5&oh=00_AfCLL252biy-T5CWq_AESSEw1VTcC3314mxi7jKO3-WcNg&oe=63A07E7D&_nc_sid=86f79a","11386236651","official.usu","Halo #SobatUSU
Selamat hari Senin ya! Tetap semangat dalam beraktivitas dan jangan lupa menjaga kesehatan ya!
Nah, kali ini bakal ditemenin sama @rizhakim17 yang akan memberikan kamu informasi seputar USU dalam seminggu terakhir. Mulai dari Rektor USU terpilih menjadi Ketua BKS-PTN Zona Barat sampai perayaan Dies Natalis ke-8 Fakultas Kehutanan USU. Berikut adalah USU Dalam Seminggu.
#TransformationTowardstheUltimate
#UniversitasSumateraUtara
#MerdekaBelajar
#KampusMerdeka",2,559,false,1669120251,,"[""#SobatUSU"",""#TransformationTowardstheUltimate"",""#UniversitasSumateraUtara"",""#MerdekaBelajar"",""#KampusMerdeka""]","[""@rizhakim17""]","[]","https://instagram.fkno1-1.fna.fbcdn.net/v/t66.30100-16/10000000_6311248882223437_1017547568601759473_n.mp4?_nc_ht=instagram.fkno1-1.fna.fbcdn.net&_nc_cat=101&_nc_ohc=7I5Jtoa1L-UAX_6IVqH&edm=APU89FABAAAA&ccb=7-5&oh=00_AfDaEUCAiToi9r8cEWMjeTKvLeXdNYr-j_QsFikNVmpejw&oe=63A0B535&_nc_sid=86f79a",6460,,,,
"2976915964146706506","ClQIUwJJ2hK","GraphVideo",true,1920,1080,"https://instagram.fkno1-1.fna.fbcdn.net/v/t51.2885-15/316349801_668893584611132_5073300569257798545_n.jpg?stp=dst-jpg_e35_p1080x1080_sh0.08&_nc_ht=instagram.fkno1-1.fna.fbcdn.net&_nc_cat=108&_nc_ohc=LdU2a6OjbzgAX9j01id&edm=APU89FABAAAA&ccb=7-5&oh=00_AfDhaqhSn71613qU1aSCw_twclnSOU1bQmQOvPyp-UL2NA&oe=63A07787&_nc_sid=86f79a","https://instagram.fkno1-1.fna.fbcdn.net/v/t51.2885-15/316349801_668893584611132_5073300569257798545_n.jpg?stp=c0.875.2250.2250a_dst-jpg_e35_s640x640_sh0.08&_nc_ht=instagram.fkno1-1.fna.fbcdn.net&_nc_cat=108&_nc_ohc=LdU2a6OjbzgAX9j01id&edm=APU89FABAAAA&ccb=7-5&oh=00_AfADD9ppVidLzvj_bovIfGnpFv6C6YgZ5HzlCLJO1Jc0hg&oe=63A07787&_nc_sid=86f79a","11386236651","official.usu","Halo #SobatUSU!

Selamat kepada wisudawan Universitas Sumatera Utara (USU) periode I T.A 2022/2023.

Yuk, kita simak pesan motivasi yang disampaikan Rektor USU Dr. Muryanto Amin, S.Sos., M.Si

Be Educated: Never Stop Process",5,2936,false,1669096441,,"[""#SobatUSU""]","[]","[{""user"":{""full_name"":""Muryanto Amin"",""id"":""1116674806"",""is_verified"":false,""profile_pic_url"":""https://instagram.fkno1-1.fna.fbcdn.net/v/t51.2885-19/153333641_359171661748446_6821251482348788051_n.jpg?stp=dst-jpg_s150x150&_nc_ht=instagram.fkno1-1.fna.fbcdn.net&_nc_cat=106&_nc_ohc=4XyM3_gkrXQAX99Q95x&edm=APU89FABAAAA&ccb=7-5&oh=00_AfB-YLZDD7Xx-F2Q1r1c372AVU6WjSSGtiY_CJk9A0Mwuw&oe=63A3C538&_nc_sid=86f79a"",""username"":""muryantoamin""},""x"":0,""y"":0}]","https://instagram.fkno1-1.fna.fbcdn.net/v/t50.2886-16/10000000_2000021516870350_3667222022583251492_n.mp4?_nc_ht=instagram.fkno1-1.fna.fbcdn.net&_nc_cat=110&_nc_ohc=R2KKT7YmXNoAX_Pphbi&edm=APU89FABAAAA&ccb=7-5&oh=00_AfCHkjxbk5IYJF9sJXMRQDaYbUPBI_HWN1KEHhCHHZEz5Q&oe=63A10187&_nc_sid=86f79a",20167,"285164380",true,"Auditorium Universitas Sumatera Utara","auditorium-universitas-sumatera-utara"
"2976822131719150801","ClPy_T4pBzR","GraphVideo",true,1920,1080,"https://instagram.fkno1-1.fna.fbcdn.net/v/t51.2885-15/316331430_210247301461445_4736919924824918515_n.jpg?stp=dst-jpg_e35_p1080x1080_sh0.08&_nc_ht=instagram.fkno1-1.fna.fbcdn.net&_nc_cat=105&_nc_ohc=Xv93AYQnhbgAX_-5u0w&edm=APU89FABAAAA&ccb=7-5&oh=00_AfCs-txuK-NV8IQLd7IySrZfd5TjRuKaSARrJKp8bUvEtQ&oe=63A0E1D2&_nc_sid=86f79a","https://instagram.fkno1-1.fna.fbcdn.net/v/t51.2885-15/316331430_210247301461445_4736919924824918515_n.jpg?stp=c0.875.2250.2250a_dst-jpg_e35_s640x640_sh0.08&_nc_ht=instagram.fkno1-1.fna.fbcdn.net&_nc_cat=105&_nc_ohc=Xv93AYQnhbgAX_-5u0w&edm=APU89FABAAAA&ccb=7-5&oh=00_AfBC5QvEi8ymGqtLw1wLOLXzJd6yCkWEE9v_bDiWxWh3-w&oe=63A0E1D2&_nc_sid=86f79a","11386236651","official.usu","Gantungkan cita-cita mu setinggi langit! Bermimpilah setinggi langit. Jika engkau jatuh, engkau akan jatuh di antara bintang-bintang (Soekarno)

Pendidikan adalah jembatan menuju masa depan gemilang. Terus berproses mematangkan diri, bertransformasi menjadi manusia unggul.

Be Educated: Never Stop Process

Selamat Wisuda ya #sobatusu

#transformationtowardstheultimate 
#universitassumaterautara",5,1516,false,1669085102,,"[""#sobatusu"",""#transformationtowardstheultimate"",""#universitassumaterautara""]","[]","[]","https://instagram.fkno1-1.fna.fbcdn.net/v/t50.2886-16/10000000_5171030076336334_7853996382552669243_n.mp4?_nc_ht=instagram.fkno1-1.fna.fbcdn.net&_nc_cat=110&_nc_ohc=AKsggRKCTTgAX90ZUK0&edm=APU89FABAAAA&ccb=7-5&oh=00_AfDon-aYU-2akOpCvfUhkLuOPg_k_W2mL_ViGBqptT0s9A&oe=63A0ECF7&_nc_sid=86f79a",16632,,,,
"2976480181354929650","ClOlPRypp3y","GraphVideo",true,1920,1080,"https://instagram.fkno1-1.fna.fbcdn.net/v/t51.2885-15/316332445_1298991210878710_2006310474133008449_n.jpg?stp=dst-jpg_e35_p1080x1080_sh0.08&_nc_ht=instagram.fkno1-1.fna.fbcdn.net&_nc_cat=110&_nc_ohc=9L90LDYu7tcAX8zNqQE&edm=APU89FABAAAA&ccb=7-5&oh=00_AfCZFAGVBy1omzI42Bg-rDc7g5Pi3TZ2NqioAmjmQGb5aA&oe=63A0DE75&_nc_sid=86f79a","https://instagram.fkno1-1.fna.fbcdn.net/v/t51.2885-15/316332445_1298991210878710_2006310474133008449_n.jpg?stp=c0.875.2250.2250a_dst-jpg_e35_s640x640_sh0.08&_nc_ht=instagram.fkno1-1.fna.fbcdn.net&_nc_cat=110&_nc_ohc=9L90LDYu7tcAX8zNqQE&edm=APU89FABAAAA&ccb=7-5&oh=00_AfC2DNzlhz4dPNYPxvy0gHJ7ZnNxtnAhIRVAXOGpJFuIpA&oe=63A0DE75&_nc_sid=86f79a","11386236651","official.usu","Seru yaa, yang udah wisuda ‚ú®
-
-
#wisudachallenge 
#universitassumaterautara 
#transformationtowardstheultimate",31,5001,false,1669044174,,"[""#wisudachallenge"",""#universitassumaterautara"",""#transformationtowardstheultimate""]","[]","[]","https://instagram.fkno1-1.fna.fbcdn.net/v/t66.30100-16/10000000_1094050411304096_3589109420462808188_n.mp4?_nc_ht=instagram.fkno1-1.fna.fbcdn.net&_nc_cat=108&_nc_ohc=gvpXux0XohMAX9rkrF7&edm=APU89FABAAAA&ccb=7-5&oh=00_AfByhSFCawCjqZJqfKWb-c1d945MTjhjva7NOvMnnXyuEA&oe=63A08522&_nc_sid=86f79a",31850,"285164380",true,"Auditorium Universitas Sumatera Utara","auditorium-universitas-sumatera-utara"
"2975029741362716094","ClJbcmSJZ2-","GraphImage",false,1350,1080,"https://instagram.fkno1-1.fna.fbcdn.net/v/t51.2885-15/316434683_678064377066931_5337044490483134144_n.webp?stp=dst-jpg_e35&_nc_ht=instagram.fkno1-1.fna.fbcdn.net&_nc_cat=107&_nc_ohc=zIPmgBZS7DIAX_Jtfaa&edm=APU89FABAAAA&ccb=7-5&oh=00_AfBs-_3zS8T4w7UbCX4C_KU8tDAHzPbZCLJtXJ90p_Ojbw&oe=63A43F84&_nc_sid=86f79a","https://instagram.fkno1-1.fna.fbcdn.net/v/t51.2885-15/316434683_678064377066931_5337044490483134144_n.webp?stp=c0.135.1080.1080a_dst-jpg_e35_s640x640_sh0.08&_nc_ht=instagram.fkno1-1.fna.fbcdn.net&_nc_cat=107&_nc_ohc=zIPmgBZS7DIAX_Jtfaa&edm=APU89FABAAAA&ccb=7-5&oh=00_AfAmvGVXHCQfOjVO2p_mmiyy7Bk8tNhvIQ5vENWll0aSNg&oe=63A43F84&_nc_sid=86f79a","11386236651","official.usu","Selamat dan sukses kepada Rektor Universitas Sumatera Utara (USU) Dr. Muryanto Amin, S.Sos., M.Si terpilih sebagai Ketua Badan Kerja Sama Perguruan Tinggi Negeri (BKS-PTN) Wilayah Barat periode 2023-2025

BKS-PTN Barat merupakan wadah pelaksanaan bersama impelementasi Tridarma perguruan tinggi di wilayah barat Indonesia yang beranggotakan 37 perguruan tinggi negeri.

#SobatUSU , kamu bisa baca info selengkapnya di usu.ac.id ya! üíö
#TransformationTowardstheUltimate 
#UniversitasSumateraUtara 
#MerdekaBelajar 
#KampusMerdeka",15,3740,false,1668871203,,"[""#SobatUSU"",""#TransformationTowardstheUltimate"",""#UniversitasSumateraUtara"",""#MerdekaBelajar"",""#KampusMerdeka""]","[]","[{""user"":{""full_name"":""Muryanto Amin"",""id"":""1116674806"",""is_verified"":false,""profile_pic_url"":""https://instagram.fkno1-1.fna.fbcdn.net/v/t51.2885-19/153333641_359171661748446_6821251482348788051_n.jpg?stp=dst-jpg_s150x150&_nc_ht=instagram.fkno1-1.fna.fbcdn.net&_nc_cat=106&_nc_ohc=4XyM3_gkrXQAX99Q95x&edm=APU89FABAAAA&ccb=7-5&oh=00_AfB-YLZDD7Xx-F2Q1r1c372AVU6WjSSGtiY_CJk9A0Mwuw&oe=63A3C538&_nc_sid=86f79a"",""username"":""muryantoamin""},""x"":0.51676685,""y"":0.75792223}]",,,,,,
"2971839116308052836","Ck-F-5JJvtk","GraphSidecar",false,1350,1080,"https://instagram.fkno1-1.fna.fbcdn.net/v/t51.2885-15/315443513_464043339131705_6118585910157010974_n.jpg?stp=dst-jpg_e35_p1080x1080&_nc_ht=instagram.fkno1-1.fna.fbcdn.net&_nc_cat=105&_nc_ohc=97SqwGeo7g0AX_L5njP&edm=APU89FABAAAA&ccb=7-5&oh=00_AfAqMvslFBBSomkwz8b0SjQJCC3uydzws80yz5TiGNYDzA&oe=63A32C5A&_nc_sid=86f79a","https://instagram.fkno1-1.fna.fbcdn.net/v/t51.2885-15/315443513_464043339131705_6118585910157010974_n.jpg?stp=c0.180.1440.1440a_dst-jpg_e35_s640x640_sh0.08&_nc_ht=instagram.fkno1-1.fna.fbcdn.net&_nc_cat=105&_nc_ohc=97SqwGeo7g0AX_L5njP&edm=APU89FABAAAA&ccb=7-5&oh=00_AfAEl-_wvCxpPL1K0jk2Dh3blpBVlzNnhL4vH4JSPKqi7Q&oe=63A32C5A&_nc_sid=86f79a","11386236651","official.usu","Tim Peneliti USU sebut Deforestasi berpotensi
tingkatkan penularan malaria.

Hal tersebut disampaikan pada forum 7th World One Health Congress di Singapura. 

Penelitian ini menjadi  kontribusi USU dalam mendukung pelaksanaan Tujuan Pembangunan Berkelanjutan/Sustainable Development Goals (SDG‚Äôs).

Ayo kita disimak sobat!

#transformationtowardstheultimate 
#universitassumaterautara 
#transformationwithsdgs",6,2155,false,1668490851,,"[""#transformationtowardstheultimate"",""#universitassumaterautara"",""#transformationwithsdgs""]","[]","[{""user"":{""full_name"":""Inke Nadia"",""id"":""2391284"",""is_verified"":false,""profile_pic_url"":""https://instagram.fkno1-1.fna.fbcdn.net/v/t51.2885-19/13768222_265203513852317_828759482_a.jpg?stp=dst-jpg_s150x150&_nc_ht=instagram.fkno1-1.fna.fbcdn.net&_nc_cat=105&_nc_ohc=wWNXn3zNbQkAX9iOc5P&edm=APU89FABAAAA&ccb=7-5&oh=00_AfCfaERZ_DIUxidSirYlNQb6bdX6CRbDxDFZHmRG2H3GAw&oe=63A42624&_nc_sid=86f79a"",""username"":""inkenadia""},""x"":0.1608888753,""y"":0.9608888753},{""user"":{""full_name"":""Ivana Alona"",""id"":""8233823"",""is_verified"":false,""profile_pic_url"":""https://instagram.fkno1-1.fna.fbcdn.net/v/t51.2885-19/280190690_1048429575762764_2360919197327008957_n.jpg?stp=dst-jpg_s150x150&_nc_ht=instagram.fkno1-1.fna.fbcdn.net&_nc_cat=108&_nc_ohc=WzuZSMNcacgAX-93IaI&edm=APU89FABAAAA&ccb=7-5&oh=00_AfBQUBxdb5a_uAoLtL0NTt896ZAz_ZB_jRRdcF16sMK2sw&oe=63A406F6&_nc_sid=86f79a"",""username"":""ivanaalona""},""x"":0.7857777778,""y"":0.9836601298000001}]",,,,,,
"2971326306331337036","Ck8RYhopyFM","GraphVideo",true,1137,640,"https://instagram.fkno1-1.fna.fbcdn.net/v/t51.2885-15/315085579_123657920531370_4935569562609337216_n.jpg?stp=dst-jpg_e15&_nc_ht=instagram.fkno1-1.fna.fbcdn.net&_nc_cat=106&_nc_ohc=1piAX_b79i0AX9VIzpq&edm=APU89FABAAAA&ccb=7-5&oh=00_AfADs0ZzvKyABjSc2MrH4FsxHN1d2njtoSuW_0zIuizIWw&oe=63A09A8D&_nc_sid=86f79a","https://instagram.fkno1-1.fna.fbcdn.net/v/t51.2885-15/315085579_123657920531370_4935569562609337216_n.jpg?stp=c0.210.540.540a_dst-jpg_e15&_nc_ht=instagram.fkno1-1.fna.fbcdn.net&_nc_cat=106&_nc_ohc=1piAX_b79i0AX9VIzpq&edm=APU89FABAAAA&ccb=7-5&oh=00_AfD-febW1jnY7LDmQtaNVbDOyYchNovHLHXm4nab1Uy6aw&oe=63A09A8D&_nc_sid=86f79a","11386236651","official.usu","Halo #SobatUSU
Selamat hari Senin ya! Tetap semangat dalam beraktivitas dan jangan lupa menjaga kesehatan ya!
Nah, kali ini bakal ditemenin sama @rizhakim17 yang akan memberikan kamu informasi seputar USU dalam seminggu terakhir. Mulai dari Rektor USU dinobatkan sebagai pemimpin terpopuler 2022 sampai Seminar Internasional IKA FEB USU. Berikut adalah USU Dalam Seminggu.
#TransformationTowardstheUltimate
#UniversitasSumateraUtara
#MerdekaBelajar
#KampusMerdeka",3,634,false,1668429872,,"[""#SobatUSU"",""#TransformationTowardstheUltimate"",""#UniversitasSumateraUtara"",""#MerdekaBelajar"",""#KampusMerdeka""]","[""@rizhakim17""]","[]","https://instagram.fkno1-1.fna.fbcdn.net/v/t66.30100-16/10000000_154410023614997_2661700558043540246_n.mp4?_nc_ht=instagram.fkno1-1.fna.fbcdn.net&_nc_cat=105&_nc_ohc=ZOoe5tn9OhYAX_FGdUw&edm=APU89FABAAAA&ccb=7-5&oh=00_AfBQB6w7oYE3afnJy7MKhYvdmsdc_ZKvRvcWz6mNE_LOiQ&oe=63A10A6B&_nc_sid=86f79a",7735,,,,
"2971115179538240256","Ck7hYOfJdMA","GraphVideo",true,1920,1080,"https://instagram.fkno1-1.fna.fbcdn.net/v/t51.2885-15/315321229_1187692935499863_4291625297553120469_n.jpg?stp=dst-jpg_e35_p1080x1080_sh0.08&_nc_ht=instagram.fkno1-1.fna.fbcdn.net&_nc_cat=103&_nc_ohc=HZkPrd9Lg3sAX83iL8W&edm=APU89FABAAAA&ccb=7-5&oh=00_AfCVJKIFCTiPYlVLUcIzQV7pmcJmijXwfQtU_bsNeW7S9A&oe=63A07DFD&_nc_sid=86f79a","https://instagram.fkno1-1.fna.fbcdn.net/v/t51.2885-15/315321229_1187692935499863_4291625297553120469_n.jpg?stp=c0.875.2250.2250a_dst-jpg_e35_s640x640_sh0.08&_nc_ht=instagram.fkno1-1.fna.fbcdn.net&_nc_cat=103&_nc_ohc=HZkPrd9Lg3sAX83iL8W&edm=APU89FABAAAA&ccb=7-5&oh=00_AfBus97TmTMxlU6OpBgC7G2AAbJ6YWc1bCd9K_zj_sLOEw&oe=63A07DFD&_nc_sid=86f79a","11386236651","official.usu","Denger-denger ada yang beda ni di Wisuda kali ini, ada yang tau apa?
-
-
-
#universitassumaterautara 
#transformationtowardstheultimate 
#alumniusuhebat",44,4574,false,1668404593,,"[""#universitassumaterautara"",""#transformationtowardstheultimate"",""#alumniusuhebat""]","[]","[]","https://instagram.fkno1-1.fna.fbcdn.net/v/t66.30100-16/121782486_1136792626993330_1266460413357021956_n.mp4?_nc_ht=instagram.fkno1-1.fna.fbcdn.net&_nc_cat=110&_nc_ohc=QfR_hP4ILkgAX_6_dbI&edm=APU89FABAAAA&ccb=7-5&oh=00_AfDDppa2LlUMNPLrz5RJ_ZgCjDPCuZiB5FweFwyWjDrzhw&oe=63A07B3A&_nc_sid=86f79a",35904,,,,
"2970399842745532972","Ck4-utLuUIs","GraphImage",false,1350,1080,"https://instagram.fkno1-1.fna.fbcdn.net/v/t51.2885-15/315098920_814936853075633_3101606575912214968_n.jpg?stp=dst-jpg_e35_p1080x1080&_nc_ht=instagram.fkno1-1.fna.fbcdn.net&_nc_cat=105&_nc_ohc=I2O15Rx8NIQAX-a-Mrr&edm=APU89FABAAAA&ccb=7-5&oh=00_AfD9fPiE9hBgJQUwB4GJHS9fzl725g4AkLrf0PMPtMZaEw&oe=63A4FC88&_nc_sid=86f79a","https://instagram.fkno1-1.fna.fbcdn.net/v/t51.2885-15/315098920_814936853075633_3101606575912214968_n.jpg?stp=c0.180.1440.1440a_dst-jpg_e35_s640x640_sh0.08&_nc_ht=instagram.fkno1-1.fna.fbcdn.net&_nc_cat=105&_nc_ohc=I2O15Rx8NIQAX-a-Mrr&edm=APU89FABAAAA&ccb=7-5&oh=00_AfDn705Fvl3vTE4pUaHCtZNYpGkZh-GUu67-sUDh-PN6oQ&oe=63A4FC88&_nc_sid=86f79a","11386236651","official.usu","Halo #SobatUSU!

Bertepatan dengan momen Peringatan Hari Kesehatan Nasional tahun ini, Universitas Sumatera Utara (USU) meraih penghargaan sebagai Kampus Sehat dari Kementerian Kesehatan Republik Indonesia.

Penghargaan ini menjadi komitmen USU menciptakan lingkungan perguruan tinggi yang sehat dan berkarakter.

#universitassumaterautara 
#kampusmerdeka
#transformationtowardstheultimate",12,1948,false,1668319276,,"[""#SobatUSU"",""#universitassumaterautara"",""#kampusmerdeka"",""#transformationtowardstheultimate""]","[]","[{""user"":{""full_name"":""Kementerian Kesehatan RI"",""id"":""1817944046"",""is_verified"":true,""profile_pic_url"":""https://instagram.fkno1-1.fna.fbcdn.net/v/t51.2885-19/297767584_1143895926340857_7703275022971365620_n.jpg?stp=dst-jpg_s150x150&_nc_ht=instagram.fkno1-1.fna.fbcdn.net&_nc_cat=1&_nc_ohc=Pen8oprJYE8AX_lyXFh&edm=APU89FABAAAA&ccb=7-5&oh=00_AfCEjJHSOUPX53qg5WSgLlbtWM0ddwjNTPUNG-HN3gCnEQ&oe=63A3EF09&_nc_sid=86f79a"",""username"":""kemenkes_ri""},""x"":0.139555542,""y"":0.9271110840000001},{""user"":{""full_name"":""Budi G. Sadikin"",""id"":""317259"",""is_verified"":false,""profile_pic_url"":""https://instagram.fkno1-1.fna.fbcdn.net/v/t51.2885-19/319647549_8910496508975574_7112261928958387543_n.jpg?stp=dst-jpg_s150x150&_nc_ht=instagram.fkno1-1.fna.fbcdn.net&_nc_cat=106&_nc_ohc=SIUsuXGbpEAAX9t7Uyw&edm=APU89FABAAAA&ccb=7-5&oh=00_AfBCDmWbIzV_-6-o4wBKT1q3edcZfKu6bqK__GsfhiozDg&oe=63A33AB0&_nc_sid=86f79a"",""username"":""budigsadikin""},""x"":0.847111084,""y"":0.9546666667}]",,,,,,
"2969203270752865991","Ck0uqSrJw7H","GraphVideo",true,1920,1080,"https://instagram.fkno1-1.fna.fbcdn.net/v/t51.2885-15/314987560_689925709008480_8128757278811398794_n.jpg?stp=dst-jpg_e35_p1080x1080_sh0.08&_nc_ht=instagram.fkno1-1.fna.fbcdn.net&_nc_cat=100&_nc_ohc=AH7yyYslm-cAX8YYe0v&edm=APU89FABAAAA&ccb=7-5&oh=00_AfDfE3PpE3gMrKhrwqZCy6BM28oo7xsW_ln1idyc5Htfbg&oe=63A08CB2&_nc_sid=86f79a","https://instagram.fkno1-1.fna.fbcdn.net/v/t51.2885-15/314987560_689925709008480_8128757278811398794_n.jpg?stp=c0.875.2250.2250a_dst-jpg_e35_s640x640_sh0.08&_nc_ht=instagram.fkno1-1.fna.fbcdn.net&_nc_cat=100&_nc_ohc=AH7yyYslm-cAX8YYe0v&edm=APU89FABAAAA&ccb=7-5&oh=00_AfB2gVkjbaxmGhvph2d4QAbV6O82UIPHa34tmWbJR7EWRg&oe=63A08CB2&_nc_sid=86f79a","11386236651","official.usu","Halo #SobatUSU!

Selamat kepada Rektor Universitas Sumatera Utara (USU) Dr. Muryanto Amin, S.Sos, MSi, dinobatkan sebagai Pemimpin Terpopuler di Media Sosial 2022 Kategori Pemimpin/CEO, Subkategori Rektor. 

Penghargaan tersebut diterima pada acara Jambore PR Indonesia (Jampiro), 8-10 November 2022 di Surabaya.

Yuk, #SobatUSU sampaikan ucapan selamat untuk rektor kita!",20,1996,false,1668176694,,"[""#SobatUSU"",""#SobatUSU""]","[]","[{""user"":{""full_name"":""PR INDONESIA Group"",""id"":""1981338119"",""is_verified"":false,""profile_pic_url"":""https://instagram.fkno1-1.fna.fbcdn.net/v/t51.2885-19/87205122_1434850920028494_2048350683207303168_n.jpg?stp=dst-jpg_s150x150&_nc_ht=instagram.fkno1-1.fna.fbcdn.net&_nc_cat=106&_nc_ohc=1uWEb34f1swAX9kjLuT&edm=APU89FABAAAA&ccb=7-5&oh=00_AfDnRWdUiv4VKyN5RYsx-oxgH7VYD706iZGGI1wicjfmXQ&oe=63A501B4&_nc_sid=86f79a"",""username"":""pr_indonesia""},""x"":0,""y"":0},{""user"":{""full_name"":""Muryanto Amin"",""id"":""1116674806"",""is_verified"":false,""profile_pic_url"":""https://instagram.fkno1-1.fna.fbcdn.net/v/t51.2885-19/153333641_359171661748446_6821251482348788051_n.jpg?stp=dst-jpg_s150x150&_nc_ht=instagram.fkno1-1.fna.fbcdn.net&_nc_cat=106&_nc_ohc=4XyM3_gkrXQAX99Q95x&edm=APU89FABAAAA&ccb=7-5&oh=00_AfB-YLZDD7Xx-F2Q1r1c372AVU6WjSSGtiY_CJk9A0Mwuw&oe=63A3C538&_nc_sid=86f79a"",""username"":""muryantoamin""},""x"":0,""y"":0}]","https://instagram.fkno1-1.fna.fbcdn.net/v/t66.30100-16/52754541_5481658971947724_1828573335835590054_n.mp4?_nc_ht=instagram.fkno1-1.fna.fbcdn.net&_nc_cat=100&_nc_ohc=Evgcm7foNK4AX9ZiLmg&edm=APU89FABAAAA&ccb=7-5&oh=00_AfB9SfY5I6e2822uZ424Ju7K_AuHG91bnjMvEf7AGJw1Aw&oe=63A0EBB1&_nc_sid=86f79a",18594,,,,
"2969161763886792001","Ck0lOSZJP1B","GraphVideo",true,1920,1080,"https://instagram.fkno1-1.fna.fbcdn.net/v/t51.2885-15/315082909_1345783409493127_7860362660735845950_n.jpg?stp=dst-jpg_e35_p1080x1080_sh0.08&_nc_ht=instagram.fkno1-1.fna.fbcdn.net&_nc_cat=107&_nc_ohc=avCqCeI1ffUAX88ztMs&edm=APU89FABAAAA&ccb=7-5&oh=00_AfBsO7vyH9qIU59Y5U-Pd0UxQ9vxLMXGuvuZtbP9quCd3g&oe=63A0C268&_nc_sid=86f79a","https://instagram.fkno1-1.fna.fbcdn.net/v/t51.2885-15/315082909_1345783409493127_7860362660735845950_n.jpg?stp=c0.875.2250.2250a_dst-jpg_e35_s640x640_sh0.08&_nc_ht=instagram.fkno1-1.fna.fbcdn.net&_nc_cat=107&_nc_ohc=avCqCeI1ffUAX88ztMs&edm=APU89FABAAAA&ccb=7-5&oh=00_AfDrtq0h0yq6KbZ6X4Z6CYKNU-uNReGN--CLZ5n8NlnwIw&oe=63A0C268&_nc_sid=86f79a","11386236651","official.usu","Halo #SobatUSU

Selamat kepada Universitas Sumatera Utara (USU) yang telah naik 50 peringkat ke ranking 451+ pada QS Asian University Ranking (QS AUR) Tahun 2023.

Yuk, dukung terus kiprah USU menjadi World-Class University ya #SobatUSU!",9,1369,false,1668171745,,"[""#SobatUSU"",""#SobatUSU""]","[]","[]","https://instagram.fkno1-1.fna.fbcdn.net/v/t66.30100-16/311225034_3272393516410186_1597061427391477577_n.mp4?_nc_ht=instagram.fkno1-1.fna.fbcdn.net&_nc_cat=110&_nc_ohc=GySIbwZ1hngAX_LbGML&edm=APU89FABAAAA&ccb=7-5&oh=00_AfDdZkw4mz34mLHvv7IpT_hdjwDi8NA1_XkURBK071Gi3Q&oe=63A07508&_nc_sid=86f79a",13910,,,,
"2968202605381477870","CkxLIsbJuXu","GraphSidecar",false,1350,1080,"https://instagram.fkno1-1.fna.fbcdn.net/v/t51.2885-15/314816945_852354202868570_147545801314970092_n.webp?stp=dst-jpg_e35&_nc_ht=instagram.fkno1-1.fna.fbcdn.net&_nc_cat=102&_nc_ohc=_a7ArwZGd-YAX-s6Oa-&edm=APU89FABAAAA&ccb=7-5&oh=00_AfCxWkIiZ6RYzcz8xq98cgMfYlQc11gjlyucbvqz15OD5Q&oe=63A32BDD&_nc_sid=86f79a","https://instagram.fkno1-1.fna.fbcdn.net/v/t51.2885-15/314816945_852354202868570_147545801314970092_n.webp?stp=c0.135.1080.1080a_dst-jpg_e35_s640x640_sh0.08&_nc_ht=instagram.fkno1-1.fna.fbcdn.net&_nc_cat=102&_nc_ohc=_a7ArwZGd-YAX-s6Oa-&edm=APU89FABAAAA&ccb=7-5&oh=00_AfA3O1Rd7BHGsK5VkwsYJSuRSeB854_9bunFd8iAQwkF5w&oe=63A32BDD&_nc_sid=86f79a","11386236651","official.usu","Halo #SobatUSU!
Baru-baru ini USU yang diwakili oleh rektor @muryantoamin dan dr. @inkenadia baru saja mengikuti 7th World Health Congress yang dilaksanakan di Singapura. World One Health Congress merupakan kongres untuk memajukan agenda One Health dengan berbagi pengetahuan di berbagai disiplin ilmu, termasuk epidemiologi dan pengawasan penyakit, produksi dan perdagangan hewan, keamanan pangan, ilmu hewan, kesehatan manusia, ilmu lingkungan/ekologi, dan keamanan kesehatan global.
Untuk berita lebih lengkap, bisa baca di usu.ac.id ya, Sobat!
#TransformationTowardstheUltimate 
#UniversitasSumateraUtara 
#MerdekaBelajar 
#KampusMerdeka",8,2316,false,1668057345,,"[""#SobatUSU"",""#TransformationTowardstheUltimate"",""#UniversitasSumateraUtara"",""#MerdekaBelajar"",""#KampusMerdeka""]","[""@muryantoamin"",""@inkenadia""]","[]",,,,,,
"2968164097971304721","CkxCYVmpbkR","GraphVideo",true,937,750,"https://instagram.fkno1-1.fna.fbcdn.net/v/t51.2885-15/314725035_794770381626682_8481026899643726693_n.jpg?stp=dst-jpg_e15&_nc_ht=instagram.fkno1-1.fna.fbcdn.net&_nc_cat=110&_nc_ohc=-Wk3lj-FdHwAX-BZ4TC&edm=APU89FABAAAA&ccb=7-5&oh=00_AfCIOWRow9wLfBCfjGR1WmVtI1PRh7oFbTkYpRTQb8eTCA&oe=63A0A951&_nc_sid=86f79a","https://instagram.fkno1-1.fna.fbcdn.net/v/t51.2885-15/314725035_794770381626682_8481026899643726693_n.jpg?stp=c0.90.720.720a_dst-jpg_e15_s640x640&_nc_ht=instagram.fkno1-1.fna.fbcdn.net&_nc_cat=110&_nc_ohc=-Wk3lj-FdHwAX-BZ4TC&edm=APU89FABAAAA&ccb=7-5&oh=00_AfBIY2kiPGkS1lyUZrwfIoTCP4_yJMi0vbk2rboT8o4e2w&oe=63A0A951&_nc_sid=86f79a","11386236651","official.usu","Selamat Memperingati Hari Pahlawan #SobatUSU!

Semangat kuat dan berapi-api adalah kunci keberhasilan. Mari kita teruskan tekad dan semangat perjuangan pahlawan kita terdahulu dengan terus berprestasi dan berguna bagi nusa dan bangsa!

#TransformationTowardstheUltimate
#UniversitasSumateraUtara
#MerdekaBelajar
#KampusMerdeka",0,827,false,1668052856,,"[""#SobatUSU"",""#TransformationTowardstheUltimate"",""#UniversitasSumateraUtara"",""#MerdekaBelajar"",""#KampusMerdeka""]","[]","[]","https://instagram.fkno1-1.fna.fbcdn.net/v/t66.30100-16/40436257_1188714775076038_1306564044997180873_n.mp4?_nc_ht=instagram.fkno1-1.fna.fbcdn.net&_nc_cat=110&_nc_ohc=uw_nub8q6kUAX_6Ld2S&edm=APU89FABAAAA&ccb=7-5&oh=00_AfCEoY7gwSztg8UGno6iCG1ZadaVGsakTYufiQt6hChqgA&oe=63A0E1E3&_nc_sid=86f79a",6524,,,,
"2968152686025102519","Ckw_yRZpdS3","GraphSidecar",false,1347,1080,"https://instagram.fkno1-1.fna.fbcdn.net/v/t51.2885-15/314717022_1368491543900035_3445651573768306284_n.jpg?stp=dst-jpg_e35_p1080x1080&_nc_ht=instagram.fkno1-1.fna.fbcdn.net&_nc_cat=107&_nc_ohc=uYh_LZ3i4ycAX9o9vgF&edm=APU89FABAAAA&ccb=7-5&oh=00_AfC7WnJAeT_b5aNXqWOvIDWV4COoCNUS27PhDAhHToOPjg&oe=63A42EB9&_nc_sid=86f79a","https://instagram.fkno1-1.fna.fbcdn.net/v/t51.2885-15/314717022_1368491543900035_3445651573768306284_n.jpg?stp=c0.178.1440.1440a_dst-jpg_e35_s640x640_sh0.08&_nc_ht=instagram.fkno1-1.fna.fbcdn.net&_nc_cat=107&_nc_ohc=uYh_LZ3i4ycAX9o9vgF&edm=APU89FABAAAA&ccb=7-5&oh=00_AfAxSFH--WMvOKQF1jN88r9X_qYLbboVelSi0hzAbXBm7A&oe=63A42EB9&_nc_sid=86f79a","11386236651","official.usu","Halo #SobatUSU

Memantapkan target internasionalisasi, USU ikuti kegiatan QS Higher Ed Summit: Asia Pacific 2022. Melalui kegiatan ini diharapkan USU semakin dikenal di komunitas pendidikan internasional.

Ayo #SobatUSU kita dukung USU menjadi World-Class University!

#TransformationTowardstheUltimate
#UniversitasSumateraUtara
#MerdekaBelajar
#KampusMerdeka",1,1360,false,1668051394,,"[""#SobatUSU"",""#SobatUSU"",""#TransformationTowardstheUltimate"",""#UniversitasSumateraUtara"",""#MerdekaBelajar"",""#KampusMerdeka""]","[]","[{""user"":{""full_name"":""Muryanto Amin"",""id"":""1116674806"",""is_verified"":false,""profile_pic_url"":""https://instagram.fkno1-1.fna.fbcdn.net/v/t51.2885-19/153333641_359171661748446_6821251482348788051_n.jpg?stp=dst-jpg_s150x150&_nc_ht=instagram.fkno1-1.fna.fbcdn.net&_nc_cat=106&_nc_ohc=4XyM3_gkrXQAX99Q95x&edm=APU89FABAAAA&ccb=7-5&oh=00_AfB-YLZDD7Xx-F2Q1r1c372AVU6WjSSGtiY_CJk9A0Mwuw&oe=63A3C538&_nc_sid=86f79a"",""username"":""muryantoamin""},""x"":0.667555542,""y"":0.7475555420000001},{""user"":{""full_name"":""poppy anjelisa"",""id"":""15159677734"",""is_verified"":false,""profile_pic_url"":""https://instagram.fkno1-1.fna.fbcdn.net/v/t51.2885-19/73299339_413799162882999_6751252916419428352_n.jpg?stp=dst-jpg_s150x150&_nc_ht=instagram.fkno1-1.fna.fbcdn.net&_nc_cat=103&_nc_ohc=JEmOiFbaIVIAX-r2wV_&edm=APU89FABAAAA&ccb=7-5&oh=00_AfAMXsB1ogsC96-w-ecbCtswcKbqPGDa3o0Ib0S1KcIYfA&oe=63A3DE23&_nc_sid=86f79a"",""username"":""p_anjelisa""},""x"":0.3324444173,""y"":0.7555555420000001}]",,,,,,
"2966290463292033857","CkqYXXVJotB","GraphVideo",true,1920,1080,"https://instagram.fkno1-1.fna.fbcdn.net/v/t51.2885-15/314898253_157135490119355_3460659623901489286_n.jpg?stp=dst-jpg_e35_p1080x1080_sh0.08&_nc_ht=instagram.fkno1-1.fna.fbcdn.net&_nc_cat=111&_nc_ohc=2PWCalyYSwoAX8rpVzX&edm=APU89FABAAAA&ccb=7-5&oh=00_AfCvCEppeguPL_SYw2b-lVG80lhbAqLbOQ1gqKvXKNRamA&oe=63A10E4A&_nc_sid=86f79a","https://instagram.fkno1-1.fna.fbcdn.net/v/t51.2885-15/314898253_157135490119355_3460659623901489286_n.jpg?stp=c0.875.2250.2250a_dst-jpg_e35_s640x640_sh0.08&_nc_ht=instagram.fkno1-1.fna.fbcdn.net&_nc_cat=111&_nc_ohc=2PWCalyYSwoAX8rpVzX&edm=APU89FABAAAA&ccb=7-5&oh=00_AfDtZaAORmgBmBbCgu4SQmHqw1bIvEqOEIsZ7VbSOuTgGw&oe=63A10E4A&_nc_sid=86f79a","11386236651","official.usu","Halo #SobatUSU

Selamat hari Senin ya! Tetap semangat dalam beraktivitas dan jangan lupa menjaga kesehatan ya!

Nah, kali ini bakal ditemenin sama @rizhakim17 yang akan memberikan kamu informasi seputar USU dalam seminggu terakhir. Mulai dari Tim Horas USU Meraih 2 Gelar KMHE 2022 sampai dengan Pelantikan Pejabat Struktural USU. Berikut adalah USU Dalam Seminggu. 

#TransformationTowardstheUltimate
#UniversitasSumateraUtara
#MerdekaBelajar
#KampusMerdeka",8,897,false,1667829458,,"[""#SobatUSU"",""#TransformationTowardstheUltimate"",""#UniversitasSumateraUtara"",""#MerdekaBelajar"",""#KampusMerdeka""]","[""@rizhakim17""]","[]","https://instagram.fkno1-1.fna.fbcdn.net/v/t50.2886-16/10000000_825059465487608_4113586403102336864_n.mp4?_nc_ht=instagram.fkno1-1.fna.fbcdn.net&_nc_cat=108&_nc_ohc=_PoPot_9I_EAX_z4c5-&edm=APU89FABAAAA&ccb=7-5&oh=00_AfBj82aZ2PdgT5obIVt65QPhrqkGiYktYh1nMQl3MaaCbw&oe=63A08125&_nc_sid=86f79a",11378,,,,
"2964787345970516710","CklCmIPJVLm","GraphVideo",true,1920,1080,"https://instagram.fkno1-1.fna.fbcdn.net/v/t51.2885-15/314397100_993443942049110_6688022861682146724_n.jpg?stp=dst-jpg_e35_p1080x1080_sh0.08&_nc_ht=instagram.fkno1-1.fna.fbcdn.net&_nc_cat=102&_nc_ohc=mPUeEQldb1MAX9uKxD7&edm=APU89FABAAAA&ccb=7-5&oh=00_AfDfDHHP_TaBAbSPGXpNu49H25hwE4vxedzL64eCcfF_EA&oe=63A0F626&_nc_sid=86f79a","https://instagram.fkno1-1.fna.fbcdn.net/v/t51.2885-15/314397100_993443942049110_6688022861682146724_n.jpg?stp=c0.875.2250.2250a_dst-jpg_e35_s640x640_sh0.08&_nc_ht=instagram.fkno1-1.fna.fbcdn.net&_nc_cat=102&_nc_ohc=mPUeEQldb1MAX9uKxD7&edm=APU89FABAAAA&ccb=7-5&oh=00_AfAa_7z9RWGYquynnyDSQAYPPFsHPDpxwfepArc72ZnrpQ&oe=63A0F626&_nc_sid=86f79a","11386236651","official.usu","Yuk kita kenalan sama DUMAS USU 2022 ‚ú®
-
-
Duta Utama Putri : @fara.lubis 
dari @official.fhusu 

Duta Utama Putra : @luishalim_ 
dari @fisip.usu 

#transformationtowardstheultimate 
#universitassumaterautara 
#kampusmerdeka",45,6329,false,1667650588,,"[""#transformationtowardstheultimate"",""#universitassumaterautara"",""#kampusmerdeka""]","[""@fara"",""@official"",""@luishalim_"",""@fisip""]","[{""user"":{""full_name"":""| Influencer |"",""id"":""1704426145"",""is_verified"":false,""profile_pic_url"":""https://instagram.fkno1-1.fna.fbcdn.net/v/t51.2885-19/317486598_657464089270898_5234301750467153757_n.jpg?stp=dst-jpg_s150x150&_nc_ht=instagram.fkno1-1.fna.fbcdn.net&_nc_cat=102&_nc_ohc=MQTMBTRc8K0AX8efZHq&edm=APU89FABAAAA&ccb=7-5&oh=00_AfBObRTtqfXyRJvqFpd58CRGy6AYRrfo8aEXGrkAwQ8yng&oe=63A38CD2&_nc_sid=86f79a"",""username"":""fara.lubis""},""x"":0,""y"":0},{""user"":{""full_name"":""Luis Halim | ÊûóÁÇéÊòé"",""id"":""5844569600"",""is_verified"":false,""profile_pic_url"":""https://instagram.fkno1-1.fna.fbcdn.net/v/t51.2885-19/278663526_3582106162015825_3740395718684490676_n.jpg?stp=dst-jpg_s150x150&_nc_ht=instagram.fkno1-1.fna.fbcdn.net&_nc_cat=101&_nc_ohc=ItbOowfxQ9cAX8QcTQg&edm=APU89FABAAAA&ccb=7-5&oh=00_AfA1Av43W6IJrP5hnS64YHikJegije5agTPwJTbbDFSo2A&oe=63A50DD7&_nc_sid=86f79a"",""username"":""luishalim_""},""x"":0,""y"":0}]","https://instagram.fkno1-1.fna.fbcdn.net/v/t50.2886-16/10000000_165341156141786_2276487698672254452_n.mp4?_nc_ht=instagram.fkno1-1.fna.fbcdn.net&_nc_cat=102&_nc_ohc=akbOgH2uSVAAX-tLZVH&edm=APU89FABAAAA&ccb=7-5&oh=00_AfBa2lCN0qT9cU5LXYhw_qy3o1yrtxhIW-Oq3LyWMqGF4Q&oe=63A08090&_nc_sid=86f79a",47911,,,,
"2964062414169363363","Ckidw-4ptOj","GraphSidecar",false,1347,1080,"https://instagram.fkno1-1.fna.fbcdn.net/v/t51.2885-15/313909273_680140293695951_3514088180523784119_n.jpg?stp=dst-jpg_e35_p1080x1080&_nc_ht=instagram.fkno1-1.fna.fbcdn.net&_nc_cat=111&_nc_ohc=7abAHYBVK5wAX-YOFNk&edm=APU89FABAAAA&ccb=7-5&oh=00_AfDZwmOINp98UTdo_dIcJ4uxuI63rcwm1RqoBx9zbG-qCw&oe=63A48274&_nc_sid=86f79a","https://instagram.fkno1-1.fna.fbcdn.net/v/t51.2885-15/313909273_680140293695951_3514088180523784119_n.jpg?stp=c0.178.1440.1440a_dst-jpg_e35_s640x640_sh0.08&_nc_ht=instagram.fkno1-1.fna.fbcdn.net&_nc_cat=111&_nc_ohc=7abAHYBVK5wAX-YOFNk&edm=APU89FABAAAA&ccb=7-5&oh=00_AfCoBLe4PpSSYhdGWkS0wH_bb7jVfoO-7n98uy-6PcvTNw&oe=63A48274&_nc_sid=86f79a","11386236651","official.usu","Halo #SobatUSU!
USU Kembali berprestasi nih, kali ini datang dari Tim HORAS USU yang baru saja mendapat Peringkat 1 kategori Urban Diesel dan Peringkat 3 kategori Prototype Diesel pada Kontes Mobil Hemat Energi (KMHE) 2022 di Universitas Pembangunan Nasional ""Veteran"" Jawa Timur.

Sebagai Informasi nih untuk kamu, KMHE 2022 merupakan kompetisi mobil irit tingkat nasional yang diadakan oleh Pusat Prestasi Kemendikbudristek RI. Selamat untuk Tim HORAS USU!

#transformationtowardstheultimate #universitassumaterautara #kampusmerdeka",53,7435,false,1667563796,,"[""#SobatUSU"",""#transformationtowardstheultimate"",""#universitassumaterautara"",""#kampusmerdeka""]","[]","[{""user"":{""full_name"":""Team Horas USU"",""id"":""4387370472"",""is_verified"":false,""profile_pic_url"":""https://instagram.fkno1-1.fna.fbcdn.net/v/t51.2885-19/299989876_122368760390909_5839670775796288632_n.jpg?stp=dst-jpg_s150x150&_nc_ht=instagram.fkno1-1.fna.fbcdn.net&_nc_cat=105&_nc_ohc=c7xr5WEnhkoAX9_cFMX&edm=APU89FABAAAA&ccb=7-5&oh=00_AfAKt0fAnqW3qIZE-IH1qFs9jmYzlGWI2E4Y3oOIZMa8hA&oe=63A4025E&_nc_sid=86f79a"",""username"":""teamhoras_usu""},""x"":0.2657777778,""y"":0.9226666667000001}]",,,,,,
"2963372982118256952","CkgBAbQJhE4","GraphSidecar",false,1347,1080,"https://instagram.fkno1-1.fna.fbcdn.net/v/t51.2885-15/313967918_811438503408713_5202033343520393488_n.jpg?stp=dst-jpg_e35_p1080x1080&_nc_ht=instagram.fkno1-1.fna.fbcdn.net&_nc_cat=105&_nc_ohc=J0Xq5A4bt3AAX9teT6K&edm=APU89FABAAAA&ccb=7-5&oh=00_AfCR58VcT9I616iU1xT_WjtiODlpFlJasfWX8Gp6fQWfsw&oe=63A46489&_nc_sid=86f79a","https://instagram.fkno1-1.fna.fbcdn.net/v/t51.2885-15/313967918_811438503408713_5202033343520393488_n.jpg?stp=c0.178.1440.1440a_dst-jpg_e35_s640x640_sh0.08&_nc_ht=instagram.fkno1-1.fna.fbcdn.net&_nc_cat=105&_nc_ohc=J0Xq5A4bt3AAX9teT6K&edm=APU89FABAAAA&ccb=7-5&oh=00_AfATm5ET_PXobXVwTHWnRgyqzbn2Mrhk7R8NCfIwIGzVwA&oe=63A46489&_nc_sid=86f79a","11386236651","official.usu","Ika Natassa: dari Majalah Mahasiswa hingga Critical Eleven

Halo #SobatUSU!

#PotretAlumniUSU menampilkan alumni keren kita, @Ikanatassa. Seorang penulis novel terkenal di Indonesia yang telah terbitkan berbagai karya hingga diangkat ke layar lebar!

Yuk, kenalan lebih dekat dan simak perjalanannya menjadi penulis #SobatUSU!

#TransformationTowardstheUltimate
#UniversitasSumateraUtara
#MerdekaBelajar
#KampusMerdeka",19,2930,false,1667481609,,"[""#SobatUSU"",""#PotretAlumniUSU"",""#SobatUSU"",""#TransformationTowardstheUltimate"",""#UniversitasSumateraUtara"",""#MerdekaBelajar"",""#KampusMerdeka""]","[""@Ikanatassa""]","[{""user"":{""full_name"":""Ika Natassa"",""id"":""7879395"",""is_verified"":true,""profile_pic_url"":""https://instagram.fkno1-1.fna.fbcdn.net/v/t51.2885-19/67196522_2363581463760038_831876633420890112_n.jpg?stp=dst-jpg_s150x150&_nc_ht=instagram.fkno1-1.fna.fbcdn.net&_nc_cat=102&_nc_ohc=b5yZtoKvJagAX8ySkHN&edm=APU89FABAAAA&ccb=7-5&oh=00_AfAPL8ksOG51hDNUYr_wF3Ifo8AcL7dCLnP1RTt1ITTv5w&oe=63A3BA4C&_nc_sid=86f79a"",""username"":""ikanatassa""},""x"":0.44,""y"":0.5795555556}]",,,,,,
"2961674049755220113","CkZ-ttMJwiR","GraphVideo",true,1137,640,"https://instagram.fkno1-1.fna.fbcdn.net/v/t51.2885-15/313502327_180051407904721_3465294153108451077_n.jpg?stp=dst-jpg_e15&_nc_ht=instagram.fkno1-1.fna.fbcdn.net&_nc_cat=101&_nc_ohc=NnZaNHuGkxgAX86QlhW&edm=APU89FABAAAA&ccb=7-5&oh=00_AfCSqghsukOZTpsKpKWWBy9XpocPisDBCVvs2ej-Nf5VSQ&oe=63A08D39&_nc_sid=86f79a","https://instagram.fkno1-1.fna.fbcdn.net/v/t51.2885-15/313502327_180051407904721_3465294153108451077_n.jpg?stp=c0.210.540.540a_dst-jpg_e15&_nc_ht=instagram.fkno1-1.fna.fbcdn.net&_nc_cat=101&_nc_ohc=NnZaNHuGkxgAX86QlhW&edm=APU89FABAAAA&ccb=7-5&oh=00_AfCFql02YapxoRvVV1zL3828h10DpAY4ANzpbRB061i99g&oe=63A08D39&_nc_sid=86f79a","11386236651","official.usu","Halo #SobatUSU

Selamat hari Senin ya! Tetap semangat dalam beraktivitas dan jangan lupa menjaga kesehatan ya!

Nah, kali ini bakal ditemenin sama @roniramadhan10 yang akan memberikan kamu informasi seputar USU dalam seminggu terakhir. Mulai dari USU Raih Juara di Peksiminas XVI sampai dengan USU-Nicolas Fink Raih Gelar Masterclass. Berikut adalah USU Dalam Seminggu. 

#TransformationTowardstheUltimate
#UniversitasSumateraUtara
#MerdekaBelajar
#KampusMerdeka",6,1022,false,1667279181,,"[""#SobatUSU"",""#TransformationTowardstheUltimate"",""#UniversitasSumateraUtara"",""#MerdekaBelajar"",""#KampusMerdeka""]","[""@roniramadhan10""]","[]","https://instagram.fkno1-1.fna.fbcdn.net/v/t50.2886-16/10000000_1160864574540332_326760074321826093_n.mp4?_nc_ht=instagram.fkno1-1.fna.fbcdn.net&_nc_cat=108&_nc_ohc=Mf6JIMMnLBwAX-av7So&edm=APU89FABAAAA&ccb=7-5&oh=00_AfDzbXO7fgEJvOfhVpq5CSsqHwpujbYZeoiGci1wC-mizQ&oe=63A0CA0F&_nc_sid=86f79a",10402,,,,
"2960870222332402541","CkXH8ekJ5tt","GraphVideo",true,1919,1080,"https://instagram.fkno1-1.fna.fbcdn.net/v/t51.2885-15/313202956_521074712916160_2758279056549385088_n.jpg?stp=dst-jpg_e35_p1080x1080_sh0.08&_nc_ht=instagram.fkno1-1.fna.fbcdn.net&_nc_cat=104&_nc_ohc=cXta7773ZMQAX8FLosO&edm=APU89FABAAAA&ccb=7-5&oh=00_AfCV_3D4ojJ_vpoMWscWAm7iTel22kG56_pmVoBA_gjClQ&oe=63A0E0E7&_nc_sid=86f79a","https://instagram.fkno1-1.fna.fbcdn.net/v/t51.2885-15/313202956_521074712916160_2758279056549385088_n.jpg?stp=c0.874.2251.2251a_dst-jpg_e35_s640x640_sh0.08&_nc_ht=instagram.fkno1-1.fna.fbcdn.net&_nc_cat=104&_nc_ohc=cXta7773ZMQAX8FLosO&edm=APU89FABAAAA&ccb=7-5&oh=00_AfB3MSgcTOpQslc3MKsyKcf3T-i8lvc6CUrpVCAjIisqdQ&oe=63A0E0E7&_nc_sid=86f79a","11386236651","official.usu","Halo #SobatUSU 
Unit Layanan Terpadu (ULT) Universitas Sumatera Utara menyediakan layanan Konseling kepada mahasiswa loh!

Kamu akan ditangani oleh Psikolog professional dan rahasia kamu dijamin aman Sobat!

Yuk, manfaatkan layanan Konsultasi ULT USU dan menjadi pribadi yang sehat jasmani, dan tentunya sehat rohani! 

#transformationtowardstheultimate #universitassumaterautara #kampusmerdeka",105,3710,false,1667183340,,"[""#SobatUSU"",""#transformationtowardstheultimate"",""#universitassumaterautara"",""#kampusmerdeka""]","[]","[{""user"":{""full_name"":""Unit Layanan Terpadu USU"",""id"":""12546013183"",""is_verified"":false,""profile_pic_url"":""https://instagram.fkno1-1.fna.fbcdn.net/v/t51.2885-19/286810106_716587236067758_5793884084914754638_n.jpg?stp=dst-jpg_s150x150&_nc_ht=instagram.fkno1-1.fna.fbcdn.net&_nc_cat=106&_nc_ohc=KY-GSCsl-hIAX8m_-ny&edm=APU89FABAAAA&ccb=7-5&oh=00_AfAL3tY5cTkFHal1SSq7ftECj614JmJZHnUN13YXwZkZmw&oe=63A41D07&_nc_sid=86f79a"",""username"":""ult.usu""},""x"":0,""y"":0}]","https://instagram.fkno1-1.fna.fbcdn.net/v/t50.2886-16/10000000_1304767403688139_8119459605262269143_n.mp4?_nc_ht=instagram.fkno1-1.fna.fbcdn.net&_nc_cat=107&_nc_ohc=RumQpgbWVEIAX8rtMer&edm=APU89FABAAAA&ccb=7-5&oh=00_AfBmoILMsCy0vqwaKnWsg4PgClLvjowoJd88wmL4qH6w0w&oe=63A11478&_nc_sid=86f79a",29472,,,,